2026-08-16 15:54:41 | INFO     | === Scrape run started at 2026-08-16T10:24:41.049457+00:00 ===
2026-08-16 15:56:30 | INFO     | === Scrape run started at 2026-08-16T10:26:30.912785+00:00 ===
2026-08-16 15:56:34 | INFO     | Scraping tracker [inbound]: https://thefynprint.com/gift-city-inbound
2026-08-16 15:56:46 | INFO     | Row extraction strategy succeeded: '#gift-city-fund-list div.space-y-3.md\:space-y-0 > div' (24 elements)
2026-08-16 15:56:46 | INFO     |   -> 20 fund rows | success=True
2026-08-16 15:56:47 | INFO     | Scraping tracker [outbound]: https://thefynprint.com/gift-city-outbound
2026-08-16 15:57:07 | WARNING  | scrape_tracker_page(outbound) failed (attempt 1/3): Page.wait_for_selector: Timeout 15000ms exceeded.
Call log:
waiting for locator("text=/\\d+ fund houses?/i") to be visible
. Retrying in 2s...
2026-08-16 15:57:28 | WARNING  | scrape_tracker_page(outbound) failed (attempt 2/3): Page.wait_for_selector: Timeout 15000ms exceeded.
Call log:
waiting for locator("text=/\\d+ fund houses?/i") to be visible
. Retrying in 4s...
2026-08-16 15:57:52 | WARNING  | scrape_tracker_page(outbound) failed (attempt 3/3): Page.wait_for_selector: Timeout 15000ms exceeded.
Call log:
waiting for locator("text=/\\d+ fund houses?/i") to be visible
. Giving up.
2026-08-16 15:57:52 | INFO     |   -> 0 fund rows | success=False
2026-08-16 15:57:53 | INFO     | Scraping fund detail: https://gift.ppfas.com/product/inbound/parag_parikh_india_flexicap_fund/
2026-08-16 15:58:06 | INFO     |   -> success=True | status=Coming Soon
2026-08-16 15:58:07 | INFO     | === Scrape run finished. 20 tracker rows, 1 detail pages, 2/3 audit entries successful ===
2026-08-16 16:01:50 | INFO     | === Scrape run started at 2026-08-16T10:31:50.809504+00:00 ===
2026-08-16 16:01:52 | INFO     | Scraping tracker [inbound]: https://thefynprint.com/gift-city-inbound
2026-08-16 16:01:59 | INFO     | Row extraction strategy succeeded: '#gift-city-fund-list div.space-y-3.md\:space-y-0 > div' (24 elements)
2026-08-16 16:02:00 | INFO     |   -> 20 fund rows | success=True
2026-08-16 16:02:01 | INFO     | Scraping tracker [outbound]: https://thefynprint.com/gift-city-outbound
2026-08-16 16:02:20 | WARNING  | scrape_tracker_page(outbound) failed (attempt 1/3): Page.wait_for_selector: Timeout 15000ms exceeded.
Call log:
waiting for locator("#gift-city-fund-list") to be visible
. Retrying in 2s...
2026-08-16 16:02:42 | WARNING  | scrape_tracker_page(outbound) failed (attempt 2/3): Page.wait_for_selector: Timeout 15000ms exceeded.
Call log:
waiting for locator("#gift-city-fund-list") to be visible
. Retrying in 4s...
2026-08-16 16:03:05 | WARNING  | scrape_tracker_page(outbound) failed (attempt 3/3): Page.wait_for_selector: Timeout 15000ms exceeded.
Call log:
waiting for locator("#gift-city-fund-list") to be visible
. Giving up.
2026-08-16 16:03:05 | INFO     |   -> 0 fund rows | success=False
2026-08-16 16:03:06 | INFO     | Scraping fund detail: https://gift.ppfas.com/product/inbound/parag_parikh_india_flexicap_fund/
2026-08-16 16:03:17 | INFO     |   -> success=True | status=Coming Soon
2026-08-16 16:03:18 | INFO     | === Scrape run finished. 20 tracker rows, 1 detail pages, 2/3 audit entries successful ===
2026-08-16 17:09:19 | INFO     | === Scrape run started at 2026-08-16T11:39:19.844575+00:00 ===
2026-08-16 17:09:25 | INFO     | Scraping tracker [inbound]: https://thefynprint.com/gift-city-inbound
2026-08-16 17:09:34 | INFO     | Row extraction strategy succeeded: '#gift-city-fund-list div.space-y-3.md\:space-y-0 > div' (24 elements)
2026-08-16 17:09:34 | INFO     |   -> 20 fund rows | success=True
2026-08-16 17:09:35 | INFO     | Scraping tracker [outbound]: https://thefynprint.com/gift-city-outbound
2026-08-16 17:09:40 | INFO     |   -> 0 fund rows | success=False
2026-08-16 17:09:41 | INFO     | Scraping fund detail: https://gift.ppfas.com/product/inbound/parag_parikh_india_flexicap_fund/
2026-08-16 17:09:46 | INFO     |   -> success=True | status=Coming Soon
2026-08-16 17:09:47 | INFO     | === Scrape run finished. 20 tracker rows, 1 detail pages, 2/3 audit entries successful ===
2026-08-16 17:13:29 | INFO     | === Scrape run started at 2026-08-16T11:43:29.798884+00:00 ===
2026-08-16 17:13:30 | INFO     | Scraping tracker [inbound]: https://thefynprint.com/gift-city-inbound
2026-08-16 17:13:38 | INFO     | Row extraction strategy succeeded: '#gift-city-fund-list div.space-y-3.md\:space-y-0 > div' (24 elements)
2026-08-16 17:13:38 | INFO     |   -> 20 fund rows | success=True
2026-08-16 17:13:39 | INFO     | Scraping tracker [outbound]: https://thefynprint.com/gift-city-outbound
2026-08-16 17:13:44 | INFO     |   [outbound debug] section parent blocks found: 4
2026-08-16 17:13:44 | INFO     |   [outbound debug] section='Retail' rows found: 5
2026-08-16 17:13:44 | INFO     |   [outbound debug] section='AIF' rows found: 8
2026-08-16 17:13:44 | WARNING  |   [outbound debug] fund name regex failed on row text: "Rational Gold & Silver Miner's Fund\nAIF\n\nInvests gold and silver mining stocks\n\n-9.70%\n22.00%\n—\nvs World Index\nFactsheet"
2026-08-16 17:13:44 | WARNING  |   [outbound debug] fund name regex failed on row text: 'Ashoka WhiteOak Emerging Markets Fund (Ex India)\nAIF\n\nBottom-up, long-only\n\n12.70%\n—\n—\nvs World Index\nFactsheet\nView det'
2026-08-16 17:13:44 | INFO     |   [outbound debug] section='PMS' rows found: 3
2026-08-16 17:13:44 | INFO     |   [outbound debug] section='None' rows found: 0
2026-08-16 17:13:44 | INFO     |   -> 14 fund rows | success=True
2026-08-16 17:13:45 | INFO     | Scraping fund detail: https://gift.ppfas.com/product/inbound/parag_parikh_india_flexicap_fund/
2026-08-16 17:13:48 | INFO     |   -> success=True | status=Coming Soon
2026-08-16 17:13:49 | INFO     | === Scrape run finished. 34 tracker rows, 1 detail pages, 3/3 audit entries successful ===
2026-08-16 17:15:50 | INFO     | === Scrape run started at 2026-08-16T11:45:50.676246+00:00 ===
2026-08-16 17:15:51 | INFO     | Scraping tracker [inbound]: https://thefynprint.com/gift-city-inbound
2026-08-16 17:16:01 | INFO     | Row extraction strategy succeeded: '#gift-city-fund-list div.space-y-3.md\:space-y-0 > div' (24 elements)
2026-08-16 17:16:01 | INFO     |   -> 20 fund rows | success=True
2026-08-16 17:16:02 | INFO     | Scraping tracker [outbound]: https://thefynprint.com/gift-city-outbound
2026-08-16 17:16:06 | INFO     |   [outbound debug] section parent blocks found: 4
2026-08-16 17:16:06 | INFO     |   [outbound debug] section='Retail' rows found: 5
2026-08-16 17:16:06 | INFO     |   [outbound debug] section='AIF' rows found: 8
2026-08-16 17:16:07 | INFO     |   [outbound debug] section='PMS' rows found: 3
2026-08-16 17:16:07 | INFO     |   [outbound debug] section='None' rows found: 0
2026-08-16 17:16:07 | INFO     |   -> 16 fund rows | success=True
2026-08-16 17:16:08 | INFO     | Scraping fund detail: https://gift.ppfas.com/product/inbound/parag_parikh_india_flexicap_fund/
2026-08-16 17:16:17 | INFO     |   -> success=True | status=Coming Soon
2026-08-16 17:16:19 | INFO     | === Scrape run finished. 36 tracker rows, 1 detail pages, 3/3 audit entries successful ===
2026-08-16 17:37:25 | INFO     | === Scrape run started at 2026-08-16T12:07:25.238761+00:00 ===
2026-08-16 17:37:26 | INFO     | Scraping tracker [inbound]: https://thefynprint.com/gift-city-inbound
2026-08-16 17:37:36 | INFO     | Row extraction strategy succeeded: '#gift-city-fund-list div.space-y-3.md\:space-y-0 > div' (24 elements)
2026-08-16 17:37:36 | WARNING  |   [inbound] discarding malformed row (bad min_ticket): "Tata Invests in Tata's schemes. 60% broad based schemes, 40%"
2026-08-16 17:37:36 | WARNING  |   [inbound] discarding malformed row (bad min_ticket): 'Sundaram Feeds into its own midcap fundNoK1 allows tax to be'
2026-08-16 17:37:36 | WARNING  |   [inbound] discarding malformed row (bad min_ticket): 'HDFC Feeder FundsFeeds into its own schemes, flexicap, mid &'
2026-08-16 17:37:36 | WARNING  |   [inbound] discarding malformed row (bad min_ticket): 'Motilal Gift City FundInvests across marketcap, high-growth '
2026-08-16 17:37:36 | WARNING  |   [inbound] discarding malformed row (bad min_ticket): 'Alchemy India long-term FundGrowth style, long-only with bot'
2026-08-16 17:37:36 | WARNING  |   [inbound] discarding malformed row (bad min_ticket): 'Carnelian India Amritkaal FundFocus on megatrends, flexicap '
2026-08-16 17:37:36 | WARNING  |   [inbound] discarding malformed row (bad min_ticket): 'ABSL India Flexicap FundFeeds into its own flexicap fundK1 C'
2026-08-16 17:37:36 | WARNING  |   [inbound] discarding malformed row (bad min_ticket): 'Unifi Rangoli India FundMulti-theme, bottom-up, value-focuse'
2026-08-16 17:37:36 | WARNING  |   [inbound] discarding malformed row (bad min_ticket): 'EdelweissOpen-Architecture Multi-Manager, Invests across mul'
2026-08-16 17:37:36 | WARNING  |   [inbound] discarding malformed row (bad min_ticket): 'MiraeMulti-Fund (AMC + Select Others), Basket of schemes lar'
2026-08-16 17:37:36 | INFO     |   -> 10 fund rows | success=True
2026-08-16 17:37:37 | INFO     | Scraping tracker [outbound]: https://thefynprint.com/gift-city-outbound
2026-08-16 17:37:42 | INFO     |   [outbound debug] section parent blocks found: 4
2026-08-16 17:37:42 | INFO     |   [outbound debug] section='Retail' rows found: 5
2026-08-16 17:37:42 | INFO     |   [outbound debug] section='AIF' rows found: 8
2026-08-16 17:37:42 | INFO     |   [outbound debug] section='PMS' rows found: 3
2026-08-16 17:37:42 | INFO     |   [outbound debug] section='None' rows found: 0
2026-08-16 17:37:42 | INFO     |   -> 16 fund rows | success=True
2026-08-16 17:37:43 | INFO     | Scraping fund detail: https://gift.ppfas.com/product/inbound/parag_parikh_india_flexicap_fund/
2026-08-16 17:37:50 | INFO     |   -> success=True | status=Coming Soon
2026-08-16 17:37:51 | INFO     | === Scrape run finished. 26 tracker rows, 1 detail pages, 3/3 audit entries successful ===
2026-08-17 00:19:13 | INFO     | === Scrape run started at 2026-08-16T18:49:13.739039+00:00 ===
2026-08-17 00:19:22 | INFO     | Scraping tracker [inbound]: https://thefynprint.com/gift-city-inbound
2026-08-17 00:19:32 | INFO     | Row extraction strategy succeeded: '#gift-city-fund-list div.space-y-3.md\:space-y-0 > div' (24 elements)
2026-08-17 00:19:32 | WARNING  |   [inbound] discarding malformed row (bad min_ticket): "Tata Invests in Tata's schemes. 60% broad based schemes, 40%"
2026-08-17 00:19:32 | WARNING  |   [inbound] discarding malformed row (bad min_ticket): 'Sundaram Feeds into its own midcap fundNoK1 allows tax to be'
2026-08-17 00:19:32 | WARNING  |   [inbound] discarding malformed row (bad min_ticket): 'HDFC Feeder FundsFeeds into its own schemes, flexicap, mid &'
2026-08-17 00:19:32 | WARNING  |   [inbound] discarding malformed row (bad min_ticket): 'Motilal Gift City FundInvests across marketcap, high-growth '
2026-08-17 00:19:32 | WARNING  |   [inbound] discarding malformed row (bad min_ticket): 'Alchemy India long-term FundGrowth style, long-only with bot'
2026-08-17 00:19:32 | WARNING  |   [inbound] discarding malformed row (bad min_ticket): 'Carnelian India Amritkaal FundFocus on megatrends, flexicap '
2026-08-17 00:19:32 | WARNING  |   [inbound] discarding malformed row (bad min_ticket): 'ABSL India Flexicap FundFeeds into its own flexicap fundK1 C'
2026-08-17 00:19:32 | WARNING  |   [inbound] discarding malformed row (bad min_ticket): 'Unifi Rangoli India FundMulti-theme, bottom-up, value-focuse'
2026-08-17 00:19:32 | WARNING  |   [inbound] discarding malformed row (bad min_ticket): 'EdelweissOpen-Architecture Multi-Manager, Invests across mul'
2026-08-17 00:19:32 | WARNING  |   [inbound] discarding malformed row (bad min_ticket): 'MiraeMulti-Fund (AMC + Select Others), Basket of schemes lar'
2026-08-17 00:19:32 | INFO     |   -> 10 fund rows | success=True
2026-08-17 00:19:33 | INFO     | Scraping tracker [outbound]: https://thefynprint.com/gift-city-outbound
2026-08-17 00:19:38 | INFO     |   [outbound debug] section parent blocks found: 4
2026-08-17 00:19:38 | INFO     |   [outbound debug] section='Retail' rows found: 5
2026-08-17 00:19:38 | INFO     |   [outbound debug] section='AIF' rows found: 8
2026-08-17 00:19:38 | INFO     |   [outbound debug] section='PMS' rows found: 3
2026-08-17 00:19:38 | INFO     |   [outbound debug] section='None' rows found: 0
2026-08-17 00:19:38 | INFO     |   -> 16 fund rows | success=True
2026-08-17 00:19:39 | INFO     | Scraping fund detail: https://gift.ppfas.com/product/inbound/parag_parikh_india_flexicap_fund/
2026-08-17 00:19:42 | INFO     |   -> success=True | status=Coming Soon
2026-08-17 00:19:43 | INFO     | Scraping fund detail: https://giftcity.dspim.com/product
2026-08-17 00:19:50 | INFO     |   -> success=True | status=Live
2026-08-17 00:19:51 | INFO     | Scraping fund detail: https://giftcity.miraeassetmf.co.in/mirae-asset-global-allocation-fund.html
2026-08-17 00:19:54 | INFO     |   -> success=True | status=Live
2026-08-17 00:19:55 | INFO     | === Scrape run finished. 26 tracker rows, 3 detail pages, 5/5 audit entries successful ===
2026-08-17 00:24:01 | INFO     | === Scrape run started at 2026-08-16T18:54:01.595551+00:00 ===
2026-08-17 00:24:02 | INFO     | Scraping tracker [inbound]: https://thefynprint.com/gift-city-inbound
2026-08-17 00:24:09 | INFO     | Row extraction strategy succeeded: '#gift-city-fund-list div.space-y-3.md\:space-y-0 > div' (24 elements)
2026-08-17 00:24:09 | WARNING  |   [inbound] discarding malformed row (bad min_ticket): "Tata Invests in Tata's schemes. 60% broad based schemes, 40%"
2026-08-17 00:24:09 | WARNING  |   [inbound] discarding malformed row (bad min_ticket): 'Sundaram Feeds into its own midcap fundNoK1 allows tax to be'
2026-08-17 00:24:09 | WARNING  |   [inbound] discarding malformed row (bad min_ticket): 'HDFC Feeder FundsFeeds into its own schemes, flexicap, mid &'
2026-08-17 00:24:09 | WARNING  |   [inbound] discarding malformed row (bad min_ticket): 'Motilal Gift City FundInvests across marketcap, high-growth '
2026-08-17 00:24:09 | WARNING  |   [inbound] discarding malformed row (bad min_ticket): 'Alchemy India long-term FundGrowth style, long-only with bot'
2026-08-17 00:24:09 | WARNING  |   [inbound] discarding malformed row (bad min_ticket): 'Carnelian India Amritkaal FundFocus on megatrends, flexicap '
2026-08-17 00:24:09 | WARNING  |   [inbound] discarding malformed row (bad min_ticket): 'ABSL India Flexicap FundFeeds into its own flexicap fundK1 C'
2026-08-17 00:24:09 | WARNING  |   [inbound] discarding malformed row (bad min_ticket): 'Unifi Rangoli India FundMulti-theme, bottom-up, value-focuse'
2026-08-17 00:24:09 | WARNING  |   [inbound] discarding malformed row (bad min_ticket): 'EdelweissOpen-Architecture Multi-Manager, Invests across mul'
2026-08-17 00:24:09 | WARNING  |   [inbound] discarding malformed row (bad min_ticket): 'MiraeMulti-Fund (AMC + Select Others), Basket of schemes lar'
2026-08-17 00:24:09 | INFO     |   -> 10 fund rows | success=True
2026-08-17 00:24:10 | INFO     | Scraping tracker [outbound]: https://thefynprint.com/gift-city-outbound
2026-08-17 00:24:14 | INFO     |   [outbound debug] section parent blocks found: 4
2026-08-17 00:24:14 | INFO     |   [outbound debug] section='Retail' rows found: 5
2026-08-17 00:24:14 | INFO     |   [outbound debug] section='AIF' rows found: 8
2026-08-17 00:24:14 | INFO     |   [outbound debug] section='PMS' rows found: 3
2026-08-17 00:24:14 | INFO     |   [outbound debug] section='None' rows found: 0
2026-08-17 00:24:14 | INFO     |   -> 16 fund rows | success=True
2026-08-17 00:24:15 | INFO     | Scraping fund detail: https://gift.ppfas.com/product/inbound/parag_parikh_india_flexicap_fund/
2026-08-17 00:24:18 | INFO     |   -> success=True | status=Coming Soon
2026-08-17 00:24:19 | INFO     | Scraping fund detail: https://giftcity.dspim.com/product
2026-08-17 00:24:25 | INFO     |   -> success=True | status=Live
2026-08-17 00:24:26 | INFO     | Scraping fund detail: https://giftcity.miraeassetmf.co.in/mirae-asset-global-allocation-fund.html
2026-08-17 00:24:31 | INFO     |   -> success=True | status=Live
2026-08-17 00:24:33 | INFO     | === Scrape run finished. 26 tracker rows, 3 detail pages, 5/5 audit entries successful ===
2026-08-17 00:57:12 | INFO     | === Scrape run started at 2026-08-16T19:27:12.448367+00:00 ===
2026-08-17 00:57:13 | INFO     | Scraping tracker [inbound]: https://thefynprint.com/gift-city-inbound
2026-08-17 00:57:22 | INFO     | Row extraction strategy succeeded: '#gift-city-fund-list div.space-y-3.md\:space-y-0 > div' (24 elements)
2026-08-17 00:57:22 | WARNING  |   [inbound] discarding malformed row (bad min_ticket): "Tata Invests in Tata's schemes. 60% broad based schemes, 40%"
2026-08-17 00:57:22 | WARNING  |   [inbound] discarding malformed row (bad min_ticket): 'Sundaram Feeds into its own midcap fundNoK1 allows tax to be'
2026-08-17 00:57:22 | WARNING  |   [inbound] discarding malformed row (bad min_ticket): 'HDFC Feeder FundsFeeds into its own schemes, flexicap, mid &'
2026-08-17 00:57:22 | WARNING  |   [inbound] discarding malformed row (bad min_ticket): 'Motilal Gift City FundInvests across marketcap, high-growth '
2026-08-17 00:57:22 | WARNING  |   [inbound] discarding malformed row (bad min_ticket): 'Alchemy India long-term FundGrowth style, long-only with bot'
2026-08-17 00:57:22 | WARNING  |   [inbound] discarding malformed row (bad min_ticket): 'Carnelian India Amritkaal FundFocus on megatrends, flexicap '
2026-08-17 00:57:22 | WARNING  |   [inbound] discarding malformed row (bad min_ticket): 'ABSL India Flexicap FundFeeds into its own flexicap fundK1 C'
2026-08-17 00:57:22 | WARNING  |   [inbound] discarding malformed row (bad min_ticket): 'Unifi Rangoli India FundMulti-theme, bottom-up, value-focuse'
2026-08-17 00:57:22 | WARNING  |   [inbound] discarding malformed row (bad min_ticket): 'EdelweissOpen-Architecture Multi-Manager, Invests across mul'
2026-08-17 00:57:22 | WARNING  |   [inbound] discarding malformed row (bad min_ticket): 'MiraeMulti-Fund (AMC + Select Others), Basket of schemes lar'
2026-08-17 00:57:22 | INFO     |   -> 10 fund rows | success=True
2026-08-17 00:57:23 | INFO     | Scraping tracker [outbound]: https://thefynprint.com/gift-city-outbound
2026-08-17 00:57:28 | INFO     |   [outbound debug] section parent blocks found: 4
2026-08-17 00:57:28 | INFO     |   [outbound debug] section='Retail' rows found: 5
2026-08-17 00:57:28 | INFO     |   [outbound debug] section='AIF' rows found: 8
2026-08-17 00:57:28 | INFO     |   [outbound debug] section='PMS' rows found: 3
2026-08-17 00:57:28 | INFO     |   [outbound debug] section='None' rows found: 0
2026-08-17 00:57:28 | INFO     |   -> 16 fund rows | success=True
2026-08-17 00:57:29 | INFO     | Scraping fund detail: https://gift.ppfas.com/product/inbound/parag_parikh_india_flexicap_fund/
2026-08-17 00:57:32 | INFO     |   -> success=True | status=Coming Soon
2026-08-17 00:57:33 | INFO     | Scraping fund detail: https://giftcity.dspim.com/product
2026-08-17 00:57:39 | INFO     |   -> success=True | status=Live
2026-08-17 00:57:40 | INFO     | Scraping fund detail: https://giftcity.miraeassetmf.co.in/mirae-asset-global-allocation-fund.html
2026-08-17 00:57:43 | INFO     |   -> success=True | status=Live
2026-08-17 00:57:44 | INFO     | === Scrape run finished. 26 tracker rows, 3 detail pages, 5/5 audit entries successful ===
2026-08-17 16:28:39 | INFO     | Scraping individual AMC source: scrape_tata_dynamic_equity_fund
2026-08-17 16:28:41 | INFO     |   -> success=True | fund=Tata India Dynamic Equity Fund
2026-08-17 16:31:44 | INFO     | Scraping individual AMC source: scrape_tata_dynamic_equity_fund
2026-08-17 16:31:44 | INFO     |   -> success=False | fund=None
2026-08-17 16:33:58 | INFO     | Scraping individual AMC source: scrape_tata_dynamic_equity_fund
2026-08-17 16:33:59 | INFO     |   -> success=True | fund=Tata India Dynamic Equity Fund
2026-08-17 16:50:59 | INFO     | Scraping individual AMC source: scrape_tata_dynamic_equity_fund
2026-08-17 16:51:01 | INFO     |   -> success=True | fund=Tata India Dynamic Equity Fund
2026-08-17 16:51:02 | INFO     | Scraping individual AMC source: scrape_dsp_global_equity_fund
2026-08-17 16:51:03 | INFO     |   -> success=True | fund=DSP Global Equity Fund
2026-08-17 16:51:04 | INFO     | Scraping individual AMC source: scrape_ppfas_sp500_fund
2026-08-17 16:51:07 | INFO     |   -> success=True | fund=Parag Parikh IFSC S&P 500 Fund of Fund
2026-08-17 16:51:08 | INFO     | Scraping individual AMC source: scrape_ppfas_nasdaq_fund
2026-08-17 16:51:10 | INFO     |   -> success=False | fund=Parag Parikh IFSC Nasdaq 100 Fund of Fund
2026-08-17 16:51:11 | INFO     | Scraping individual AMC source: scrape_edelweiss_greater_china_fund
2026-08-17 16:51:13 | INFO     |   -> success=False | fund=Edelweiss Greater China Equity Fund
2026-08-17 16:54:49 | INFO     | Scraping individual AMC source: scrape_tata_dynamic_equity_fund
2026-08-17 16:54:52 | INFO     |   -> success=True | fund=Tata India Dynamic Equity Fund
2026-08-17 16:54:53 | INFO     | Scraping individual AMC source: scrape_dsp_global_equity_fund
2026-08-17 16:55:15 | INFO     |   -> success=True | fund=DSP Global Equity Fund
2026-08-17 16:55:16 | INFO     | Scraping individual AMC source: scrape_ppfas_sp500_fund
2026-08-17 16:55:19 | INFO     |   -> success=True | fund=Parag Parikh IFSC S&P 500 Fund of Fund
2026-08-17 16:55:20 | INFO     | Scraping individual AMC source: scrape_ppfas_nasdaq_fund
2026-08-17 16:55:22 | INFO     |   -> success=False | fund=Parag Parikh IFSC Nasdaq 100 Fund of Fund
2026-08-17 16:55:23 | INFO     | Scraping individual AMC source: scrape_edelweiss_greater_china_fund
2026-08-17 16:55:24 | INFO     |   -> success=True | fund=Edelweiss Greater China Equity Fund
2026-08-17 17:10:28 | INFO     | Scraping individual AMC source: scrape_tata_dynamic_equity_fund
2026-08-17 17:10:29 | INFO     |   -> success=True | fund=Tata India Dynamic Equity Fund
2026-08-17 17:10:30 | INFO     | Scraping individual AMC source: scrape_dsp_global_equity_fund
2026-08-17 17:10:32 | INFO     |   -> success=True | fund=DSP Global Equity Fund
2026-08-17 17:10:33 | INFO     | Scraping individual AMC source: scrape_ppfas_sp500_fund
2026-08-17 17:10:37 | INFO     |   -> success=True | fund=Parag Parikh IFSC S&P 500 Fund of Fund
2026-08-17 17:10:38 | INFO     | Scraping individual AMC source: scrape_ppfas_nasdaq_fund
2026-08-17 17:10:41 | INFO     |   -> success=True | fund=Parag Parikh IFSC Nasdaq 100 Fund of Fund
2026-08-17 17:10:42 | INFO     | Scraping individual AMC source: scrape_edelweiss_greater_china_fund
2026-08-17 17:10:43 | INFO     |   -> success=True | fund=Edelweiss Greater China Equity Fund
2026-08-17 18:52:50 | INFO     | Scraping individual AMC source: scrape_tata_dynamic_equity_fund
2026-08-17 18:52:51 | INFO     |   -> success=True | fund=Tata India Dynamic Equity Fund
2026-08-17 18:52:52 | INFO     | Scraping individual AMC source: scrape_dsp_global_equity_fund
2026-08-17 18:52:56 | INFO     |   -> success=False | fund=DSP Global Equity Fund
2026-08-17 18:52:57 | INFO     | Scraping individual AMC source: scrape_ppfas_sp500_fund
2026-08-17 18:53:01 | INFO     |   -> success=True | fund=Parag Parikh IFSC S&P 500 Fund of Fund
2026-08-17 18:53:02 | INFO     | Scraping individual AMC source: scrape_ppfas_nasdaq_fund
2026-08-17 18:53:46 | INFO     |   -> success=True | fund=Parag Parikh IFSC Nasdaq 100 Fund of Fund
2026-08-17 18:53:47 | INFO     | Scraping individual AMC source: scrape_edelweiss_greater_china_fund
2026-08-17 18:53:48 | INFO     |   -> success=True | fund=Edelweiss Greater China Equity Fund
2026-08-17 18:58:21 | INFO     | Scraping individual AMC source: scrape_tata_dynamic_equity_fund
2026-08-17 18:58:22 | INFO     |   -> success=True | fund=Tata India Dynamic Equity Fund
2026-08-17 18:58:23 | INFO     | Scraping individual AMC source: scrape_dsp_global_equity_fund
2026-08-17 18:58:26 | INFO     |   -> success=True | fund=DSP Global Equity Fund
2026-08-17 18:58:27 | INFO     | Scraping individual AMC source: scrape_ppfas_sp500_fund
2026-08-17 18:58:33 | INFO     |   -> success=True | fund=Parag Parikh IFSC S&P 500 Fund of Fund
2026-08-17 18:58:34 | INFO     | Scraping individual AMC source: scrape_ppfas_nasdaq_fund
2026-08-17 18:59:02 | INFO     |   -> success=True | fund=Parag Parikh IFSC Nasdaq 100 Fund of Fund
2026-08-17 18:59:03 | INFO     | Scraping individual AMC source: scrape_edelweiss_greater_china_fund
2026-08-17 18:59:05 | INFO     |   -> success=True | fund=Edelweiss Greater China Equity Fund
2026-08-17 19:06:01 | INFO     | Scraping individual AMC source: scrape_tata_dynamic_equity_fund
2026-08-17 19:06:02 | INFO     |   -> success=True | fund=Tata India Dynamic Equity Fund
2026-08-17 19:06:03 | INFO     | Scraping individual AMC source: scrape_dsp_global_equity_fund
2026-08-17 19:06:07 | INFO     |   -> success=True | fund=DSP Global Equity Fund
2026-08-17 19:06:08 | INFO     | Scraping individual AMC source: scrape_ppfas_sp500_fund
2026-08-17 19:06:30 | INFO     |   -> success=True | fund=Parag Parikh IFSC S&P 500 Fund of Fund
2026-08-17 19:06:31 | INFO     | Scraping individual AMC source: scrape_ppfas_nasdaq_fund
2026-08-17 19:06:37 | INFO     |   -> success=True | fund=Parag Parikh IFSC Nasdaq 100 Fund of Fund
2026-08-17 19:06:38 | INFO     | Scraping individual AMC source: scrape_edelweiss_greater_china_fund
2026-08-17 19:06:39 | INFO     |   -> success=True | fund=Edelweiss Greater China Equity Fund
2026-08-17 21:10:54 | INFO     | Scraping individual AMC source: scrape_tata_dynamic_equity_fund
2026-08-17 21:10:56 | INFO     |   -> success=True | fund=Tata India Dynamic Equity Fund
2026-08-17 21:10:57 | INFO     | Scraping individual AMC source: scrape_dsp_global_equity_fund
2026-08-17 21:11:04 | INFO     |   -> success=True | fund=DSP Global Equity Fund
2026-08-17 21:11:05 | INFO     | Scraping individual AMC source: scrape_ppfas_sp500_fund
2026-08-17 21:11:11 | INFO     |   -> success=True | fund=Parag Parikh IFSC S&P 500 Fund of Fund
2026-08-17 21:11:12 | INFO     | Scraping individual AMC source: scrape_ppfas_nasdaq_fund
2026-08-17 21:11:21 | INFO     |   -> success=True | fund=Parag Parikh IFSC Nasdaq 100 Fund of Fund
2026-08-17 21:11:22 | INFO     | Scraping individual AMC source: scrape_edelweiss_greater_china_fund
2026-08-17 21:11:24 | INFO     |   -> success=True | fund=Edelweiss Greater China Equity Fund
2026-08-17 21:14:09 | INFO     | Scraping individual AMC source: scrape_tata_dynamic_equity_fund
2026-08-17 21:14:10 | INFO     |   -> success=True | fund=Tata India Dynamic Equity Fund
2026-08-17 21:14:11 | INFO     | Scraping individual AMC source: scrape_dsp_global_equity_fund
2026-08-17 21:14:13 | INFO     |   -> success=True | fund=DSP Global Equity Fund
2026-08-17 21:14:14 | INFO     | Scraping individual AMC source: scrape_ppfas_sp500_fund
2026-08-17 21:14:17 | INFO     |   -> success=True | fund=Parag Parikh IFSC S&P 500 Fund of Fund
2026-08-17 21:14:18 | INFO     | Scraping individual AMC source: scrape_ppfas_nasdaq_fund
2026-08-17 21:14:25 | INFO     |   -> success=True | fund=Parag Parikh IFSC Nasdaq 100 Fund of Fund
2026-08-17 21:14:26 | INFO     | Scraping individual AMC source: scrape_edelweiss_greater_china_fund
2026-08-17 21:14:27 | INFO     |   -> success=True | fund=Edelweiss Greater China Equity Fund
2026-08-17 21:17:05 | INFO     | Scraping individual AMC source: scrape_tata_dynamic_equity_fund
2026-08-17 21:17:06 | INFO     |   -> success=True | fund=Tata India Dynamic Equity Fund
2026-08-17 21:17:07 | INFO     | Scraping individual AMC source: scrape_dsp_global_equity_fund
2026-08-17 21:17:08 | INFO     |   -> success=True | fund=DSP Global Equity Fund
2026-08-17 21:17:09 | INFO     | Scraping individual AMC source: scrape_ppfas_sp500_fund
2026-08-17 21:18:01 | INFO     |   -> success=False | fund=None
2026-08-17 21:18:02 | INFO     | Scraping individual AMC source: scrape_ppfas_nasdaq_fund
2026-08-17 21:18:36 | INFO     |   -> success=True | fund=Parag Parikh IFSC Nasdaq 100 Fund of Fund
2026-08-17 21:18:37 | INFO     | Scraping individual AMC source: scrape_edelweiss_greater_china_fund
2026-08-17 21:18:38 | INFO     |   -> success=True | fund=Edelweiss Greater China Equity Fund
2026-08-17 21:18:39 | INFO     | Scraping individual AMC source: scrape_sundaram_india_midcap_gift
2026-08-17 21:19:30 | INFO     |   -> success=True | fund=Sundaram India Mid Cap - GIFT
2026-08-17 21:25:20 | INFO     | Scraping individual AMC source: scrape_tata_dynamic_equity_fund
2026-08-17 21:25:20 | INFO     |   -> success=False | fund=None
2026-08-17 21:25:21 | INFO     | Scraping individual AMC source: scrape_dsp_global_equity_fund
2026-08-17 21:25:21 | INFO     |   -> success=False | fund=None
2026-08-17 21:25:22 | INFO     | Scraping individual AMC source: scrape_ppfas_sp500_fund
2026-08-17 21:25:22 | INFO     |   -> success=False | fund=None
2026-08-17 21:25:23 | INFO     | Scraping individual AMC source: scrape_ppfas_nasdaq_fund
2026-08-17 21:25:25 | INFO     |   -> success=False | fund=None
2026-08-17 21:25:26 | INFO     | Scraping individual AMC source: scrape_edelweiss_greater_china_fund
2026-08-17 21:25:26 | INFO     |   -> success=False | fund=None
2026-08-17 21:29:44 | INFO     | Scraping individual AMC source: scrape_tata_dynamic_equity_fund
2026-08-17 21:29:45 | INFO     |   -> success=True | fund=Tata India Dynamic Equity Fund
2026-08-17 21:29:46 | INFO     | Scraping individual AMC source: scrape_dsp_global_equity_fund
2026-08-17 21:29:47 | INFO     |   -> success=True | fund=DSP Global Equity Fund
2026-08-17 21:29:48 | INFO     | Scraping individual AMC source: scrape_ppfas_sp500_fund
2026-08-17 21:30:13 | INFO     |   -> success=True | fund=Parag Parikh IFSC S&P 500 Fund of Fund
2026-08-17 21:30:14 | INFO     | Scraping individual AMC source: scrape_ppfas_nasdaq_fund
2026-08-17 21:30:39 | INFO     |   -> success=True | fund=Parag Parikh IFSC Nasdaq 100 Fund of Fund
2026-08-17 21:30:40 | INFO     | Scraping individual AMC source: scrape_edelweiss_greater_china_fund
2026-08-17 21:30:41 | INFO     |   -> success=True | fund=Edelweiss Greater China Equity Fund
2026-08-17 21:30:42 | INFO     | Scraping individual AMC source: scrape_sundaram_india_midcap_gift
2026-08-17 21:30:44 | INFO     |   -> success=True | fund=Sundaram India Mid Cap - GIFT
2026-08-17 21:50:41 | INFO     | Scraping individual AMC source: scrape_tata_dynamic_equity_fund
2026-08-17 21:50:41 | INFO     |   -> success=False | fund=None
2026-08-17 21:50:42 | INFO     | Scraping individual AMC source: scrape_dsp_global_equity_fund
2026-08-17 21:50:42 | INFO     |   -> success=False | fund=None
2026-08-17 21:50:43 | INFO     | Scraping individual AMC source: scrape_ppfas_sp500_fund
2026-08-17 21:50:43 | INFO     |   -> success=False | fund=None
2026-08-17 21:50:44 | INFO     | Scraping individual AMC source: scrape_ppfas_nasdaq_fund
2026-08-17 21:51:13 | INFO     |   -> success=False | fund=None
2026-08-17 21:51:14 | INFO     | Scraping individual AMC source: scrape_edelweiss_greater_china_fund
2026-08-17 21:51:14 | INFO     |   -> success=False | fund=None
2026-08-17 21:55:09 | INFO     | Scraping individual AMC source: scrape_tata_dynamic_equity_fund
2026-08-17 21:55:09 | INFO     |   -> success=False | fund=None
2026-08-17 21:55:10 | INFO     | Scraping individual AMC source: scrape_dsp_global_equity_fund
2026-08-17 21:55:10 | INFO     |   -> success=False | fund=None
2026-08-17 21:55:11 | INFO     | Scraping individual AMC source: scrape_ppfas_sp500_fund
2026-08-17 21:55:11 | INFO     |   -> success=False | fund=None
2026-08-17 21:55:12 | INFO     | Scraping individual AMC source: scrape_ppfas_nasdaq_fund
2026-08-17 21:55:40 | INFO     |   -> success=False | fund=None
2026-08-17 21:55:41 | INFO     | Scraping individual AMC source: scrape_edelweiss_greater_china_fund
2026-08-17 21:55:41 | INFO     |   -> success=False | fund=None
2026-08-17 22:34:13 | INFO     | Scraping individual AMC source: scrape_tata_dynamic_equity_fund
2026-08-17 22:34:13 | INFO     |   -> success=False | fund=None
2026-08-17 22:34:14 | INFO     | Scraping individual AMC source: scrape_dsp_global_equity_fund
2026-08-17 22:34:14 | INFO     |   -> success=False | fund=None
2026-08-17 22:34:15 | INFO     | Scraping individual AMC source: scrape_ppfas_sp500_fund
2026-08-17 22:34:15 | INFO     |   -> success=False | fund=None
2026-08-17 22:34:16 | INFO     | Scraping individual AMC source: scrape_ppfas_nasdaq_fund
2026-08-17 22:34:39 | INFO     |   -> success=False | fund=None
2026-08-17 22:34:40 | INFO     | Scraping individual AMC source: scrape_edelweiss_greater_china_fund
2026-08-17 22:34:40 | INFO     |   -> success=False | fund=None
2026-08-18 00:38:06 | INFO     | Scraping individual AMC source: scrape_tata_dynamic_equity_fund
2026-08-18 00:38:06 | INFO     |   -> success=False | fund=None
2026-08-18 00:38:07 | INFO     | Scraping individual AMC source: scrape_dsp_global_equity_fund
2026-08-18 00:38:12 | INFO     |   -> success=True | fund=DSP Global Equity Fund
2026-08-18 00:38:13 | INFO     | Scraping individual AMC source: scrape_ppfas_sp500_fund
2026-08-18 00:38:13 | INFO     |   -> success=False | fund=None
2026-08-18 00:38:14 | INFO     | Scraping individual AMC source: scrape_ppfas_nasdaq_fund
2026-08-18 00:38:16 | INFO     |   -> success=False | fund=None
2026-08-18 00:38:17 | INFO     | Scraping individual AMC source: scrape_edelweiss_greater_china_fund
2026-08-18 00:38:18 | INFO     |   -> success=True | fund=Edelweiss Greater China Equity Fund
2026-08-18 00:39:38 | INFO     | Scraping individual AMC source: scrape_tata_dynamic_equity_fund
2026-08-18 00:39:38 | INFO     |   -> success=False | fund=None
2026-08-18 00:39:39 | INFO     | Scraping individual AMC source: scrape_dsp_global_equity_fund
2026-08-18 00:39:42 | INFO     |   -> success=True | fund=DSP Global Equity Fund
2026-08-18 00:39:43 | INFO     | Scraping individual AMC source: scrape_ppfas_sp500_fund
2026-08-18 00:39:43 | INFO     |   -> success=False | fund=None
2026-08-18 00:39:44 | INFO     | Scraping individual AMC source: scrape_ppfas_nasdaq_fund
2026-08-18 00:40:06 | INFO     |   -> success=False | fund=None
2026-08-18 00:40:07 | INFO     | Scraping individual AMC source: scrape_edelweiss_greater_china_fund
2026-08-18 00:40:08 | INFO     |   -> success=True | fund=Edelweiss Greater China Equity Fund
2026-08-18 00:40:09 | INFO     | Scraping individual AMC source: scrape_sundaram_india_midcap_fund
2026-08-18 00:40:09 | INFO     |   -> success=False | fund=None
2026-08-18 00:40:10 | INFO     | Scraping individual AMC source: scrape_mirae_global_allocation_fund
2026-08-18 00:40:11 | INFO     |   -> success=True | fund=Mirae Asset Global Allocation Fund
2026-08-18 00:46:46 | INFO     | Scraping individual AMC source: scrape_tata_dynamic_equity_fund
2026-08-18 00:46:46 | INFO     |   -> success=False | fund=None
2026-08-18 00:46:47 | INFO     | Scraping individual AMC source: scrape_dsp_global_equity_fund
2026-08-18 00:46:50 | INFO     |   -> success=True | fund=DSP Global Equity Fund
2026-08-18 00:46:51 | INFO     | Scraping individual AMC source: scrape_ppfas_sp500_fund
2026-08-18 00:46:51 | INFO     |   -> success=False | fund=None
2026-08-18 00:46:52 | INFO     | Scraping individual AMC source: scrape_ppfas_nasdaq_fund
2026-08-18 00:46:55 | INFO     |   -> success=False | fund=None
2026-08-18 00:46:56 | INFO     | Scraping individual AMC source: scrape_edelweiss_greater_china_fund
2026-08-18 00:46:56 | INFO     |   -> success=True | fund=Edelweiss Greater China Equity Fund
2026-08-18 00:46:57 | INFO     | Scraping individual AMC source: scrape_sundaram_india_midcap_fund
2026-08-18 00:46:57 | INFO     |   -> success=False | fund=None
2026-08-18 00:46:58 | INFO     | Scraping individual AMC source: scrape_mirae_global_allocation_fund
2026-08-18 00:46:59 | INFO     |   -> success=True | fund=Mirae Asset Global Allocation Fund
2026-08-18 00:48:26 | INFO     | Scraping individual AMC source: scrape_tata_dynamic_equity_fund
2026-08-18 00:48:26 | INFO     |   -> success=False | fund=None
2026-08-18 00:48:27 | INFO     | Scraping individual AMC source: scrape_dsp_global_equity_fund
2026-08-18 00:48:30 | INFO     |   -> success=True | fund=DSP Global Equity Fund
2026-08-18 00:48:31 | INFO     | Scraping individual AMC source: scrape_ppfas_sp500_fund
2026-08-18 00:48:31 | INFO     |   -> success=False | fund=None
2026-08-18 00:48:32 | INFO     | Scraping individual AMC source: scrape_ppfas_nasdaq_fund
2026-08-18 00:48:54 | INFO     |   -> success=False | fund=None
2026-08-18 00:48:55 | INFO     | Scraping individual AMC source: scrape_edelweiss_greater_china_fund
2026-08-18 00:48:55 | INFO     |   -> success=True | fund=Edelweiss Greater China Equity Fund
2026-08-18 00:48:56 | INFO     | Scraping individual AMC source: scrape_sundaram_india_midcap_fund
2026-08-18 00:48:56 | INFO     |   -> success=False | fund=None
2026-08-18 00:48:57 | INFO     | Scraping individual AMC source: scrape_mirae_global_allocation_fund
2026-08-18 00:48:58 | INFO     |   -> success=True | fund=Mirae Asset Global Allocation Fund
2026-08-18 00:50:11 | INFO     | Scraping individual AMC source: scrape_tata_dynamic_equity_fund
2026-08-18 00:50:11 | INFO     |   -> success=False | fund=None
2026-08-18 00:50:12 | INFO     | Scraping individual AMC source: scrape_dsp_global_equity_fund
2026-08-18 00:50:15 | INFO     |   -> success=True | fund=DSP Global Equity Fund
2026-08-18 00:50:16 | INFO     | Scraping individual AMC source: scrape_ppfas_sp500_fund
2026-08-18 00:50:16 | INFO     |   -> success=False | fund=None
2026-08-18 00:50:17 | INFO     | Scraping individual AMC source: scrape_ppfas_nasdaq_fund
2026-08-18 00:50:20 | INFO     |   -> success=False | fund=None
2026-08-18 00:50:21 | INFO     | Scraping individual AMC source: scrape_edelweiss_greater_china_fund
2026-08-18 00:50:21 | INFO     |   -> success=True | fund=Edelweiss Greater China Equity Fund
2026-08-18 00:50:22 | INFO     | Scraping individual AMC source: scrape_sundaram_india_midcap_fund
2026-08-18 00:50:22 | INFO     |   -> success=False | fund=None
2026-08-18 00:50:23 | INFO     | Scraping individual AMC source: scrape_mirae_global_allocation_fund
2026-08-18 00:50:24 | INFO     |   -> success=True | fund=Mirae Asset Global Allocation Fund
2026-08-18 00:51:56 | INFO     | Scraping individual AMC source: scrape_tata_dynamic_equity_fund
2026-08-18 00:51:56 | INFO     |   -> success=False | fund=None
2026-08-18 00:51:56 | ERROR    |      error detail: NameError: name 'requests' is not defined | Traceback (most recent call last):   File "C:\Users\azhar\Desktop\CV DTU\GIFT city el\scraper.py", line 590, in _download_pdf_text     response = requests.get(                ^^^^^^^^ NameError: name 'requests' is not defined  During handling of the above exception, another exception occurred:  Traceback (most recent call last):   File "C:\Users\azhar\Desktop\CV DTU\GIFT city el\scraper.py", line 618, in scrape_tata_dynamic_equity_fund     text, audit["http_status"] = _download_pdf_text(TATA_FACTSHEET_URL)                                  ^^^^^^^^^^^^^^^^^^^^^^^^^^^^^^^^^^^^^^   File "C:\Users\azhar\Desktop\CV DTU\GIFT city el\scraper.py", line 602, in _download_pdf_text     except requests.RequestException as exc:            ^^^^^^^^ NameError: name 'requests' is not defined 
2026-08-18 00:51:57 | INFO     | Scraping individual AMC source: scrape_dsp_global_equity_fund
2026-08-18 00:52:00 | INFO     |   -> success=True | fund=DSP Global Equity Fund
2026-08-18 00:52:01 | INFO     | Scraping individual AMC source: scrape_ppfas_sp500_fund
2026-08-18 00:52:01 | INFO     |   -> success=False | fund=None
2026-08-18 00:52:01 | ERROR    |      error detail: NameError: name 'requests' is not defined | Traceback (most recent call last):   File "C:\Users\azhar\Desktop\CV DTU\GIFT city el\scraper.py", line 590, in _download_pdf_text     response = requests.get(                ^^^^^^^^ NameError: name 'requests' is not defined  During handling of the above exception, another exception occurred:  Traceback (most recent call last):   File "C:\Users\azhar\Desktop\CV DTU\GIFT city el\scraper.py", line 695, in scrape_ppfas_sp500_fund     text, audit["http_status"] = _download_pdf_text(PPFAS_SP500_FACTSHEET_URL)                                  ^^^^^^^^^^^^^^^^^^^^^^^^^^^^^^^^^^^^^^^^^^^^^   File "C:\Users\azhar\Desktop\CV DTU\GIFT city el\scraper.py", line 602, in _download_pdf_text     except requests.RequestException as exc:            ^^^^^^^^ NameError: name 'requests' is not defined 
2026-08-18 00:52:02 | INFO     | Scraping individual AMC source: scrape_ppfas_nasdaq_fund
2026-08-18 00:52:04 | INFO     |   -> success=False | fund=None
2026-08-18 00:52:04 | ERROR    |      error detail: NameError: name 'requests' is not defined | Traceback (most recent call last):   File "C:\Users\azhar\Desktop\CV DTU\GIFT city el\scraper.py", line 590, in _download_pdf_text     response = requests.get(                ^^^^^^^^ NameError: name 'requests' is not defined  During handling of the above exception, another exception occurred:  Traceback (most recent call last):   File "C:\Users\azhar\Desktop\CV DTU\GIFT city el\scraper.py", line 754, in scrape_ppfas_nasdaq_fund     factsheet_text, _ = _download_pdf_text(PPFAS_NASDAQ_FACTSHEET_URL)                         ^^^^^^^^^^^^^^^^^^^^^^^^^^^^^^^^^^^^^^^^^^^^^^   File "C:\Users\azhar\Desktop\CV DTU\GIFT city el\scraper.py", line 602, in _download_pdf_text     except requests.RequestException as exc:            ^^^^^^^^ NameError: name 'requests' is not defined 
2026-08-18 00:52:05 | INFO     | Scraping individual AMC source: scrape_edelweiss_greater_china_fund
2026-08-18 00:52:06 | INFO     |   -> success=True | fund=Edelweiss Greater China Equity Fund
2026-08-18 00:52:07 | INFO     | Scraping individual AMC source: scrape_sundaram_india_midcap_fund
2026-08-18 00:52:07 | INFO     |   -> success=False | fund=None
2026-08-18 00:52:07 | ERROR    |      error detail: NameError: name 'requests' is not defined | Traceback (most recent call last):   File "C:\Users\azhar\Desktop\CV DTU\GIFT city el\scraper.py", line 590, in _download_pdf_text     response = requests.get(                ^^^^^^^^ NameError: name 'requests' is not defined  During handling of the above exception, another exception occurred:  Traceback (most recent call last):   File "C:\Users\azhar\Desktop\CV DTU\GIFT city el\scraper.py", line 906, in scrape_sundaram_india_midcap_fund     text, audit["http_status"] = _download_pdf_text(SUNDARAM_FACTSHEET_URL)                                  ^^^^^^^^^^^^^^^^^^^^^^^^^^^^^^^^^^^^^^^^^^   File "C:\Users\azhar\Desktop\CV DTU\GIFT city el\scraper.py", line 602, in _download_pdf_text     except requests.RequestException as exc:            ^^^^^^^^ NameError: name 'requests' is not defined 
2026-08-18 00:52:08 | INFO     | Scraping individual AMC source: scrape_mirae_global_allocation_fund
2026-08-18 00:52:08 | INFO     |   -> success=True | fund=Mirae Asset Global Allocation Fund
2026-08-18 00:53:36 | INFO     | Scraping individual AMC source: scrape_tata_dynamic_equity_fund
2026-08-18 00:53:37 | INFO     |   -> success=True | fund=Tata India Dynamic Equity Fund
2026-08-18 00:53:38 | INFO     | Scraping individual AMC source: scrape_dsp_global_equity_fund
2026-08-18 00:53:41 | INFO     |   -> success=True | fund=DSP Global Equity Fund
2026-08-18 00:53:42 | INFO     | Scraping individual AMC source: scrape_ppfas_sp500_fund
2026-08-18 00:53:45 | INFO     |   -> success=True | fund=Parag Parikh IFSC S&P 500 Fund of Fund
2026-08-18 00:53:46 | INFO     | Scraping individual AMC source: scrape_ppfas_nasdaq_fund
2026-08-18 00:53:52 | INFO     |   -> success=True | fund=Parag Parikh IFSC Nasdaq 100 Fund of Fund
2026-08-18 00:53:53 | INFO     | Scraping individual AMC source: scrape_edelweiss_greater_china_fund
2026-08-18 00:53:54 | INFO     |   -> success=True | fund=Edelweiss Greater China Equity Fund
2026-08-18 00:53:55 | INFO     | Scraping individual AMC source: scrape_sundaram_india_midcap_fund
2026-08-18 00:53:56 | INFO     |   -> success=True | fund=Sundaram India Mid Cap - GIFT
2026-08-18 00:53:57 | INFO     | Scraping individual AMC source: scrape_mirae_global_allocation_fund
2026-08-18 00:53:58 | INFO     |   -> success=True | fund=Mirae Asset Global Allocation Fund
2026-08-18 00:58:49 | INFO     | Scraping individual AMC source: scrape_tata_dynamic_equity_fund
2026-08-18 00:58:50 | INFO     |   -> success=True | fund=Tata India Dynamic Equity Fund
2026-08-18 00:58:51 | INFO     | Scraping individual AMC source: scrape_dsp_global_equity_fund
2026-08-18 00:58:54 | INFO     |   -> success=True | fund=DSP Global Equity Fund
2026-08-18 00:58:55 | INFO     | Scraping individual AMC source: scrape_ppfas_sp500_fund
2026-08-18 00:58:58 | INFO     |   -> success=True | fund=Parag Parikh IFSC S&P 500 Fund of Fund
2026-08-18 00:58:59 | INFO     | Scraping individual AMC source: scrape_ppfas_nasdaq_fund
2026-08-18 00:59:04 | INFO     |   -> success=True | fund=Parag Parikh IFSC Nasdaq 100 Fund of Fund
2026-08-18 00:59:05 | INFO     | Scraping individual AMC source: scrape_edelweiss_greater_china_fund
2026-08-18 00:59:05 | INFO     |   -> success=True | fund=Edelweiss Greater China Equity Fund
2026-08-18 00:59:06 | INFO     | Scraping individual AMC source: scrape_sundaram_india_midcap_fund
2026-08-18 00:59:08 | INFO     |   -> success=True | fund=Sundaram India Mid Cap - GIFT
2026-08-18 00:59:09 | INFO     | Scraping individual AMC source: scrape_mirae_global_allocation_fund
2026-08-18 00:59:10 | INFO     |   -> success=True | fund=Mirae Asset Global Allocation Fund
2026-08-18 00:59:11 | INFO     | Scraping individual AMC source: scrape_bandhan_india_smallcap_fund
2026-08-18 00:59:12 | INFO     |   -> success=True | fund=Bandhan India Small Cap Fund (IFSC)
2026-08-18 01:04:48 | INFO     | Scraping individual AMC source: scrape_tata_dynamic_equity_fund
2026-08-18 01:04:49 | INFO     |   -> success=True | fund=Tata India Dynamic Equity Fund
2026-08-18 01:04:50 | INFO     | Scraping individual AMC source: scrape_dsp_global_equity_fund
2026-08-18 01:04:53 | INFO     |   -> success=True | fund=DSP Global Equity Fund
2026-08-18 01:04:54 | INFO     | Scraping individual AMC source: scrape_ppfas_sp500_fund
2026-08-18 01:04:57 | INFO     |   -> success=True | fund=Parag Parikh IFSC S&P 500 Fund of Fund
2026-08-18 01:04:58 | INFO     | Scraping individual AMC source: scrape_ppfas_nasdaq_fund
2026-08-18 01:05:02 | INFO     |   -> success=True | fund=Parag Parikh IFSC Nasdaq 100 Fund of Fund
2026-08-18 01:05:03 | INFO     | Scraping individual AMC source: scrape_edelweiss_greater_china_fund
2026-08-18 01:05:03 | INFO     |   -> success=True | fund=Edelweiss Greater China Equity Fund
2026-08-18 01:05:04 | INFO     | Scraping individual AMC source: scrape_sundaram_india_midcap_fund
2026-08-18 01:05:06 | INFO     |   -> success=True | fund=Sundaram India Mid Cap - GIFT
2026-08-18 01:05:07 | INFO     | Scraping individual AMC source: scrape_mirae_global_allocation_fund
2026-08-18 01:05:07 | INFO     |   -> success=True | fund=Mirae Asset Global Allocation Fund
2026-08-18 01:05:08 | INFO     | Scraping individual AMC source: scrape_bandhan_india_smallcap_fund
2026-08-18 01:05:09 | INFO     |   -> success=True | fund=Bandhan India Small Cap Fund (IFSC)
2026-08-18 01:05:10 | INFO     | Scraping individual AMC source: scrape_marcellus_global_equities_fund
2026-08-18 01:05:11 | INFO     |   -> success=True | fund=Marcellus Global Equities Fund
2026-08-18 01:06:17 | INFO     | Scraping individual AMC source: scrape_tata_dynamic_equity_fund
2026-08-18 01:06:18 | INFO     |   -> success=True | fund=Tata India Dynamic Equity Fund
2026-08-18 01:06:19 | INFO     | Scraping individual AMC source: scrape_dsp_global_equity_fund
2026-08-18 01:06:21 | INFO     |   -> success=True | fund=DSP Global Equity Fund
2026-08-18 01:06:22 | INFO     | Scraping individual AMC source: scrape_ppfas_sp500_fund
2026-08-18 01:06:24 | INFO     |   -> success=True | fund=Parag Parikh IFSC S&P 500 Fund of Fund
2026-08-18 01:06:25 | INFO     | Scraping individual AMC source: scrape_ppfas_nasdaq_fund
2026-08-18 01:06:49 | INFO     |   -> success=True | fund=Parag Parikh IFSC Nasdaq 100 Fund of Fund
2026-08-18 01:06:50 | INFO     | Scraping individual AMC source: scrape_edelweiss_greater_china_fund
2026-08-18 01:06:51 | INFO     |   -> success=True | fund=Edelweiss Greater China Equity Fund
2026-08-18 01:06:52 | INFO     | Scraping individual AMC source: scrape_sundaram_india_midcap_fund
2026-08-18 01:06:53 | INFO     |   -> success=True | fund=Sundaram India Mid Cap - GIFT
2026-08-18 01:06:54 | INFO     | Scraping individual AMC source: scrape_mirae_global_allocation_fund
2026-08-18 01:06:55 | INFO     |   -> success=True | fund=Mirae Asset Global Allocation Fund
2026-08-18 01:06:56 | INFO     | Scraping individual AMC source: scrape_bandhan_india_smallcap_fund
2026-08-18 01:06:57 | INFO     |   -> success=True | fund=Bandhan India Small Cap Fund (IFSC)
2026-08-18 01:06:58 | INFO     | Scraping individual AMC source: scrape_marcellus_global_equities_fund
2026-08-18 01:06:59 | INFO     |   -> success=True | fund=Marcellus Global Equities Fund
2026-08-18 01:07:00 | INFO     | Scraping individual AMC source: scrape_baroda_bnp_us_smallcap_fund
2026-08-18 01:07:01 | INFO     |   -> success=True | fund=Baroda BNP Paribas GIFT US Small Cap Fund
2026-08-18 01:25:24 | INFO     | Scraping individual AMC source: scrape_tata_dynamic_equity_fund
2026-08-18 01:25:25 | INFO     |   -> success=True | fund=Tata India Dynamic Equity Fund
2026-08-18 01:25:26 | INFO     | Scraping individual AMC source: scrape_dsp_global_equity_fund
2026-08-18 01:25:29 | INFO     |   -> success=True | fund=DSP Global Equity Fund
2026-08-18 01:25:30 | INFO     | Scraping individual AMC source: scrape_ppfas_sp500_fund
2026-08-18 01:25:32 | INFO     |   -> success=True | fund=Parag Parikh IFSC S&P 500 Fund of Fund
2026-08-18 01:25:33 | INFO     | Scraping individual AMC source: scrape_ppfas_nasdaq_fund
2026-08-18 01:25:37 | INFO     |   -> success=True | fund=Parag Parikh IFSC Nasdaq 100 Fund of Fund
2026-08-18 01:25:38 | INFO     | Scraping individual AMC source: scrape_edelweiss_greater_china_fund
2026-08-18 01:25:39 | INFO     |   -> success=True | fund=Edelweiss Greater China Equity Fund
2026-08-18 01:25:40 | INFO     | Scraping individual AMC source: scrape_sundaram_india_midcap_fund
2026-08-18 01:25:41 | INFO     |   -> success=True | fund=Sundaram India Mid Cap - GIFT
2026-08-18 01:25:42 | INFO     | Scraping individual AMC source: scrape_mirae_global_allocation_fund
2026-08-18 01:25:43 | INFO     |   -> success=True | fund=Mirae Asset Global Allocation Fund
2026-08-18 01:25:44 | INFO     | Scraping individual AMC source: scrape_bandhan_india_smallcap_fund
2026-08-18 01:25:45 | INFO     |   -> success=True | fund=Bandhan India Small Cap Fund (IFSC)
2026-08-18 01:25:46 | INFO     | Scraping individual AMC source: scrape_marcellus_global_equities_fund
2026-08-18 01:25:47 | INFO     |   -> success=True | fund=Marcellus Global Equities Fund
2026-08-18 01:25:48 | INFO     | Scraping individual AMC source: scrape_baroda_bnp_us_smallcap_fund
2026-08-18 01:25:49 | INFO     |   -> success=True | fund=Baroda BNP Paribas GIFT US Small Cap Fund
2026-08-18 01:25:50 | INFO     | Scraping individual AMC source: scrape_nippon_india_largecap_fund
2026-08-18 01:25:52 | INFO     |   -> success=False | fund=Nippon India Large Cap Fund GIFT
2026-08-18 01:25:52 | ERROR    |      error detail: Factsheet downloaded, but Class DW NAV could not be extracted.
2026-08-18 01:27:19 | INFO     | Scraping individual AMC source: scrape_tata_dynamic_equity_fund
2026-08-18 01:27:20 | INFO     |   -> success=True | fund=Tata India Dynamic Equity Fund
2026-08-18 01:27:21 | INFO     | Scraping individual AMC source: scrape_dsp_global_equity_fund
2026-08-18 01:27:24 | INFO     |   -> success=True | fund=DSP Global Equity Fund
2026-08-18 01:27:25 | INFO     | Scraping individual AMC source: scrape_ppfas_sp500_fund
2026-08-18 01:27:27 | INFO     |   -> success=True | fund=Parag Parikh IFSC S&P 500 Fund of Fund
2026-08-18 01:27:28 | INFO     | Scraping individual AMC source: scrape_ppfas_nasdaq_fund
2026-08-18 01:28:06 | INFO     |   -> success=True | fund=Parag Parikh IFSC Nasdaq 100 Fund of Fund
2026-08-18 01:28:07 | INFO     | Scraping individual AMC source: scrape_edelweiss_greater_china_fund
2026-08-18 01:28:08 | INFO     |   -> success=True | fund=Edelweiss Greater China Equity Fund
2026-08-18 01:28:09 | INFO     | Scraping individual AMC source: scrape_sundaram_india_midcap_fund
2026-08-18 01:28:10 | INFO     |   -> success=True | fund=Sundaram India Mid Cap - GIFT
2026-08-18 01:28:11 | INFO     | Scraping individual AMC source: scrape_mirae_global_allocation_fund
2026-08-18 01:28:12 | INFO     |   -> success=True | fund=Mirae Asset Global Allocation Fund
2026-08-18 01:28:13 | INFO     | Scraping individual AMC source: scrape_bandhan_india_smallcap_fund
2026-08-18 01:28:13 | INFO     |   -> success=True | fund=Bandhan India Small Cap Fund (IFSC)
2026-08-18 01:28:14 | INFO     | Scraping individual AMC source: scrape_marcellus_global_equities_fund
2026-08-18 01:28:16 | INFO     |   -> success=True | fund=Marcellus Global Equities Fund
2026-08-18 01:28:17 | INFO     | Scraping individual AMC source: scrape_baroda_bnp_us_smallcap_fund
2026-08-18 01:28:17 | INFO     |   -> success=True | fund=Baroda BNP Paribas GIFT US Small Cap Fund
2026-08-18 01:28:18 | INFO     | Scraping individual AMC source: scrape_nippon_india_largecap_fund
2026-08-18 01:28:19 | INFO     |   -> success=True | fund=Nippon India Large Cap Fund GIFT
2026-08-18 01:31:58 | INFO     | Scraping individual AMC source: scrape_tata_dynamic_equity_fund
2026-08-18 01:31:59 | INFO     |   -> success=True | fund=Tata India Dynamic Equity Fund
2026-08-18 01:32:00 | INFO     | Scraping individual AMC source: scrape_dsp_global_equity_fund
2026-08-18 01:32:03 | INFO     |   -> success=True | fund=DSP Global Equity Fund
2026-08-18 01:32:04 | INFO     | Scraping individual AMC source: scrape_ppfas_sp500_fund
2026-08-18 01:32:05 | INFO     |   -> success=True | fund=Parag Parikh IFSC S&P 500 Fund of Fund
2026-08-18 01:32:06 | INFO     | Scraping individual AMC source: scrape_ppfas_nasdaq_fund
2026-08-18 01:32:30 | INFO     |   -> success=True | fund=Parag Parikh IFSC Nasdaq 100 Fund of Fund
2026-08-18 01:32:31 | INFO     | Scraping individual AMC source: scrape_edelweiss_greater_china_fund
2026-08-18 01:32:32 | INFO     |   -> success=True | fund=Edelweiss Greater China Equity Fund
2026-08-18 01:32:33 | INFO     | Scraping individual AMC source: scrape_sundaram_india_midcap_fund
2026-08-18 01:32:34 | INFO     |   -> success=True | fund=Sundaram India Mid Cap - GIFT
2026-08-18 01:32:35 | INFO     | Scraping individual AMC source: scrape_mirae_global_allocation_fund
2026-08-18 01:32:36 | INFO     |   -> success=True | fund=Mirae Asset Global Allocation Fund
2026-08-18 01:32:37 | INFO     | Scraping individual AMC source: scrape_bandhan_india_smallcap_fund
2026-08-18 01:32:38 | INFO     |   -> success=True | fund=Bandhan India Small Cap Fund (IFSC)
2026-08-18 01:32:39 | INFO     | Scraping individual AMC source: scrape_marcellus_global_equities_fund
2026-08-18 01:32:40 | INFO     |   -> success=True | fund=Marcellus Global Equities Fund
2026-08-18 01:32:41 | INFO     | Scraping individual AMC source: scrape_baroda_bnp_us_smallcap_fund
2026-08-18 01:32:42 | INFO     |   -> success=True | fund=Baroda BNP Paribas GIFT US Small Cap Fund
2026-08-18 01:32:43 | INFO     | Scraping individual AMC source: scrape_nippon_india_largecap_fund
2026-08-18 01:32:44 | INFO     |   -> success=True | fund=Nippon India Large Cap Fund GIFT
2026-08-18 01:32:45 | INFO     | Scraping individual AMC source: scrape_altus_quant_algorithmic_fund
2026-08-18 01:32:50 | INFO     |   -> success=True | fund=Quant Algorithmic Strategies Fund
2026-08-18 02:10:58 | INFO     | Scraping individual AMC source: scrape_tata_dynamic_equity_fund
2026-08-18 02:10:59 | INFO     |   -> success=True | fund=Tata India Dynamic Equity Fund
2026-08-18 02:11:00 | INFO     | Scraping individual AMC source: scrape_dsp_global_equity_fund
2026-08-18 02:11:02 | INFO     |   -> success=True | fund=DSP Global Equity Fund
2026-08-18 02:11:03 | INFO     | Scraping individual AMC source: scrape_ppfas_sp500_fund
2026-08-18 02:11:05 | INFO     |   -> success=True | fund=Parag Parikh IFSC S&P 500 Fund of Fund
2026-08-18 02:11:06 | INFO     | Scraping individual AMC source: scrape_ppfas_nasdaq_fund
2026-08-18 02:12:03 | INFO     |   -> success=True | fund=Parag Parikh IFSC Nasdaq 100 Fund of Fund
2026-08-18 02:12:04 | INFO     | Scraping individual AMC source: scrape_edelweiss_greater_china_fund
2026-08-18 02:12:04 | INFO     |   -> success=True | fund=Edelweiss Greater China Equity Fund
2026-08-18 02:12:05 | INFO     | Scraping individual AMC source: scrape_sundaram_india_midcap_fund
2026-08-18 02:12:07 | INFO     |   -> success=True | fund=Sundaram India Mid Cap - GIFT
2026-08-18 02:12:08 | INFO     | Scraping individual AMC source: scrape_mirae_global_allocation_fund
2026-08-18 02:12:08 | INFO     |   -> success=True | fund=Mirae Asset Global Allocation Fund
2026-08-18 02:12:09 | INFO     | Scraping individual AMC source: scrape_bandhan_india_smallcap_fund
2026-08-18 02:12:10 | INFO     |   -> success=True | fund=Bandhan India Small Cap Fund (IFSC)
2026-08-18 02:12:11 | INFO     | Scraping individual AMC source: scrape_marcellus_global_equities_fund
2026-08-18 02:12:12 | INFO     |   -> success=True | fund=Marcellus Global Equities Fund
2026-08-18 02:12:13 | INFO     | Scraping individual AMC source: scrape_baroda_bnp_us_smallcap_fund
2026-08-18 02:12:14 | INFO     |   -> success=True | fund=Baroda BNP Paribas GIFT US Small Cap Fund
2026-08-18 02:12:15 | INFO     | Scraping individual AMC source: scrape_nippon_india_largecap_fund
2026-08-18 02:12:16 | INFO     |   -> success=True | fund=Nippon India Large Cap Fund GIFT
2026-08-18 02:12:17 | INFO     | Scraping individual AMC source: scrape_altus_quant_algorithmic_fund
2026-08-18 02:12:20 | INFO     |   -> success=True | fund=Quant Algorithmic Strategies Fund
2026-08-18 02:12:21 | INFO     | Scraping individual AMC source: scrape_nuvama_india_edge_fund
2026-08-18 02:12:21 | INFO     |   -> success=False | fund=None
2026-08-18 02:12:21 | ERROR    |      error detail: HTTPError: 403 Client Error: Forbidden for url: https://www.nuvamaassetmanagement.com/public-markets.html | Traceback (most recent call last):   File "C:\Users\azhar\Desktop\CV DTU\GIFT city el\scraper.py", line 929, in scrape_nuvama_india_edge_fund     response.raise_for_status()   File "C:\Users\azhar\Desktop\CV DTU\GIFT city el\venv\Lib\site-packages\requests\models.py", line 1167, in raise_for_status     raise HTTPError(http_error_msg, response=self) requests.exceptions.HTTPError: 403 Client Error: Forbidden for url: https://www.nuvamaassetmanagement.com/public-markets.html 
2026-08-18 02:13:40 | INFO     | Scraping individual AMC source: scrape_tata_dynamic_equity_fund
2026-08-18 02:13:41 | INFO     |   -> success=True | fund=Tata India Dynamic Equity Fund
2026-08-18 02:13:42 | INFO     | Scraping individual AMC source: scrape_dsp_global_equity_fund
2026-08-18 02:13:45 | INFO     |   -> success=True | fund=DSP Global Equity Fund
2026-08-18 02:13:46 | INFO     | Scraping individual AMC source: scrape_ppfas_sp500_fund
2026-08-18 02:13:47 | INFO     |   -> success=True | fund=Parag Parikh IFSC S&P 500 Fund of Fund
2026-08-18 02:13:48 | INFO     | Scraping individual AMC source: scrape_ppfas_nasdaq_fund
2026-08-18 02:13:52 | INFO     |   -> success=True | fund=Parag Parikh IFSC Nasdaq 100 Fund of Fund
2026-08-18 02:13:53 | INFO     | Scraping individual AMC source: scrape_edelweiss_greater_china_fund
2026-08-18 02:13:53 | INFO     |   -> success=True | fund=Edelweiss Greater China Equity Fund
2026-08-18 02:13:54 | INFO     | Scraping individual AMC source: scrape_sundaram_india_midcap_fund
2026-08-18 02:13:56 | INFO     |   -> success=True | fund=Sundaram India Mid Cap - GIFT
2026-08-18 02:13:57 | INFO     | Scraping individual AMC source: scrape_mirae_global_allocation_fund
2026-08-18 02:13:58 | INFO     |   -> success=True | fund=Mirae Asset Global Allocation Fund
2026-08-18 02:13:59 | INFO     | Scraping individual AMC source: scrape_bandhan_india_smallcap_fund
2026-08-18 02:13:59 | INFO     |   -> success=True | fund=Bandhan India Small Cap Fund (IFSC)
2026-08-18 02:14:00 | INFO     | Scraping individual AMC source: scrape_marcellus_global_equities_fund
2026-08-18 02:14:01 | INFO     |   -> success=True | fund=Marcellus Global Equities Fund
2026-08-18 02:14:02 | INFO     | Scraping individual AMC source: scrape_baroda_bnp_us_smallcap_fund
2026-08-18 02:14:03 | INFO     |   -> success=True | fund=Baroda BNP Paribas GIFT US Small Cap Fund
2026-08-18 02:14:04 | INFO     | Scraping individual AMC source: scrape_nippon_india_largecap_fund
2026-08-18 02:14:05 | INFO     |   -> success=True | fund=Nippon India Large Cap Fund GIFT
2026-08-18 02:14:06 | INFO     | Scraping individual AMC source: scrape_altus_quant_algorithmic_fund
2026-08-18 02:14:09 | INFO     |   -> success=True | fund=Quant Algorithmic Strategies Fund
2026-08-18 02:14:10 | INFO     | Scraping individual AMC source: scrape_nuvama_india_edge_fund
2026-08-18 02:14:10 | INFO     |   -> success=False | fund=None
2026-08-18 02:14:10 | ERROR    |      error detail: HTTPError: 403 Client Error: Forbidden for url: https://www.nuvamaassetmanagement.com/public-markets.html | Traceback (most recent call last):   File "C:\Users\azhar\Desktop\CV DTU\GIFT city el\scraper.py", line 934, in scrape_nuvama_india_edge_fund     response.raise_for_status()   File "C:\Users\azhar\Desktop\CV DTU\GIFT city el\venv\Lib\site-packages\requests\models.py", line 1167, in raise_for_status     raise HTTPError(http_error_msg, response=self) requests.exceptions.HTTPError: 403 Client Error: Forbidden for url: https://www.nuvamaassetmanagement.com/public-markets.html 
2026-08-18 02:17:54 | INFO     | Scraping individual AMC source: scrape_tata_dynamic_equity_fund
2026-08-18 02:17:55 | INFO     |   -> success=True | fund=Tata India Dynamic Equity Fund
2026-08-18 02:17:56 | INFO     | Scraping individual AMC source: scrape_dsp_global_equity_fund
2026-08-18 02:17:59 | INFO     |   -> success=True | fund=DSP Global Equity Fund
2026-08-18 02:18:00 | INFO     | Scraping individual AMC source: scrape_ppfas_sp500_fund
2026-08-18 02:18:02 | INFO     |   -> success=True | fund=Parag Parikh IFSC S&P 500 Fund of Fund
2026-08-18 02:18:03 | INFO     | Scraping individual AMC source: scrape_ppfas_nasdaq_fund
2026-08-18 02:18:06 | INFO     |   -> success=True | fund=Parag Parikh IFSC Nasdaq 100 Fund of Fund
2026-08-18 02:18:07 | INFO     | Scraping individual AMC source: scrape_edelweiss_greater_china_fund
2026-08-18 02:18:08 | INFO     |   -> success=True | fund=Edelweiss Greater China Equity Fund
2026-08-18 02:18:09 | INFO     | Scraping individual AMC source: scrape_sundaram_india_midcap_fund
2026-08-18 02:18:10 | INFO     |   -> success=True | fund=Sundaram India Mid Cap - GIFT
2026-08-18 02:18:11 | INFO     | Scraping individual AMC source: scrape_mirae_global_allocation_fund
2026-08-18 02:18:11 | INFO     |   -> success=True | fund=Mirae Asset Global Allocation Fund
2026-08-18 02:18:12 | INFO     | Scraping individual AMC source: scrape_bandhan_india_smallcap_fund
2026-08-18 02:18:13 | INFO     |   -> success=True | fund=Bandhan India Small Cap Fund (IFSC)
2026-08-18 02:18:14 | INFO     | Scraping individual AMC source: scrape_marcellus_global_equities_fund
2026-08-18 02:18:15 | INFO     |   -> success=True | fund=Marcellus Global Equities Fund
2026-08-18 02:18:16 | INFO     | Scraping individual AMC source: scrape_baroda_bnp_us_smallcap_fund
2026-08-18 02:18:17 | INFO     |   -> success=True | fund=Baroda BNP Paribas GIFT US Small Cap Fund
2026-08-18 02:18:18 | INFO     | Scraping individual AMC source: scrape_nippon_india_largecap_fund
2026-08-18 02:18:19 | INFO     |   -> success=True | fund=Nippon India Large Cap Fund GIFT
2026-08-18 02:18:20 | INFO     | Scraping individual AMC source: scrape_altus_quant_algorithmic_fund
2026-08-18 02:18:23 | INFO     |   -> success=True | fund=Quant Algorithmic Strategies Fund
2026-08-18 02:18:24 | INFO     | Scraping individual AMC source: scrape_nuvama_india_edge_fund
2026-08-18 02:18:25 | INFO     |   -> success=True | fund=Nuvama India EDGE Fund
2026-08-18 02:26:06 | INFO     | Scraping individual AMC source: scrape_tata_dynamic_equity_fund
2026-08-18 02:26:06 | INFO     |   -> success=True | fund=Tata India Dynamic Equity Fund
2026-08-18 02:26:07 | INFO     | Scraping individual AMC source: scrape_dsp_global_equity_fund
2026-08-18 02:26:10 | INFO     |   -> success=True | fund=DSP Global Equity Fund
2026-08-18 02:26:11 | INFO     | Scraping individual AMC source: scrape_ppfas_sp500_fund
2026-08-18 02:26:13 | INFO     |   -> success=True | fund=Parag Parikh IFSC S&P 500 Fund of Fund
2026-08-18 02:26:14 | INFO     | Scraping individual AMC source: scrape_ppfas_nasdaq_fund
2026-08-18 02:27:21 | INFO     |   -> success=True | fund=Parag Parikh IFSC Nasdaq 100 Fund of Fund
2026-08-18 02:27:22 | INFO     | Scraping individual AMC source: scrape_edelweiss_greater_china_fund
2026-08-18 02:27:23 | INFO     |   -> success=True | fund=Edelweiss Greater China Equity Fund
2026-08-18 02:27:24 | INFO     | Scraping individual AMC source: scrape_sundaram_india_midcap_fund
2026-08-18 02:27:25 | INFO     |   -> success=True | fund=Sundaram India Mid Cap - GIFT
2026-08-18 02:27:26 | INFO     | Scraping individual AMC source: scrape_mirae_global_allocation_fund
2026-08-18 02:27:27 | INFO     |   -> success=True | fund=Mirae Asset Global Allocation Fund
2026-08-18 02:27:28 | INFO     | Scraping individual AMC source: scrape_bandhan_india_smallcap_fund
2026-08-18 02:27:29 | INFO     |   -> success=True | fund=Bandhan India Small Cap Fund (IFSC)
2026-08-18 02:27:30 | INFO     | Scraping individual AMC source: scrape_marcellus_global_equities_fund
2026-08-18 02:27:31 | INFO     |   -> success=True | fund=Marcellus Global Equities Fund
2026-08-18 02:27:32 | INFO     | Scraping individual AMC source: scrape_baroda_bnp_us_smallcap_fund
2026-08-18 02:27:33 | INFO     |   -> success=True | fund=Baroda BNP Paribas GIFT US Small Cap Fund
2026-08-18 02:27:34 | INFO     | Scraping individual AMC source: scrape_nippon_india_largecap_fund
2026-08-18 02:27:34 | INFO     |   -> success=True | fund=Nippon India Large Cap Fund GIFT
2026-08-18 02:27:35 | INFO     | Scraping individual AMC source: scrape_altus_quant_algorithmic_fund
2026-08-18 02:27:38 | INFO     |   -> success=True | fund=Quant Algorithmic Strategies Fund
2026-08-18 02:27:39 | INFO     | Scraping individual AMC source: scrape_nuvama_india_edge_fund
2026-08-18 02:27:40 | INFO     |   -> success=True | fund=Nuvama India EDGE Fund
2026-08-18 02:45:13 | INFO     | Scraping individual AMC source: scrape_tata_dynamic_equity_fund
2026-08-18 02:45:14 | INFO     |   -> success=True | fund=Tata India Dynamic Equity Fund
2026-08-18 02:45:15 | INFO     | Scraping individual AMC source: scrape_dsp_global_equity_fund
2026-08-18 02:45:18 | INFO     |   -> success=True | fund=DSP Global Equity Fund
2026-08-18 02:45:19 | INFO     | Scraping individual AMC source: scrape_ppfas_sp500_fund
2026-08-18 02:45:35 | INFO     |   -> success=True | fund=Parag Parikh IFSC S&P 500 Fund of Fund
2026-08-18 02:45:36 | INFO     | Scraping individual AMC source: scrape_ppfas_nasdaq_fund
2026-08-18 02:46:14 | INFO     |   -> success=True | fund=Parag Parikh IFSC Nasdaq 100 Fund of Fund
2026-08-18 02:46:15 | INFO     | Scraping individual AMC source: scrape_edelweiss_greater_china_fund
2026-08-18 02:46:15 | INFO     |   -> success=True | fund=Edelweiss Greater China Equity Fund
2026-08-18 02:46:16 | INFO     | Scraping individual AMC source: scrape_sundaram_india_midcap_fund
2026-08-18 02:46:17 | INFO     |   -> success=True | fund=Sundaram India Mid Cap - GIFT
2026-08-18 02:46:18 | INFO     | Scraping individual AMC source: scrape_mirae_global_allocation_fund
2026-08-18 02:46:19 | INFO     |   -> success=True | fund=Mirae Asset Global Allocation Fund
2026-08-18 02:46:20 | INFO     | Scraping individual AMC source: scrape_bandhan_india_smallcap_fund
2026-08-18 02:46:21 | INFO     |   -> success=True | fund=Bandhan India Small Cap Fund (IFSC)
2026-08-18 02:46:22 | INFO     | Scraping individual AMC source: scrape_marcellus_global_equities_fund
2026-08-18 02:46:23 | INFO     |   -> success=True | fund=Marcellus Global Equities Fund
2026-08-18 02:46:24 | INFO     | Scraping individual AMC source: scrape_baroda_bnp_us_smallcap_fund
2026-08-18 02:46:25 | INFO     |   -> success=True | fund=Baroda BNP Paribas GIFT US Small Cap Fund
2026-08-18 02:46:26 | INFO     | Scraping individual AMC source: scrape_nippon_india_largecap_fund
2026-08-18 02:46:26 | INFO     |   -> success=True | fund=Nippon India Large Cap Fund GIFT
2026-08-18 02:46:27 | INFO     | Scraping individual AMC source: scrape_altus_quant_algorithmic_fund
2026-08-18 02:46:31 | INFO     |   -> success=True | fund=Quant Algorithmic Strategies Fund
2026-08-18 02:46:32 | INFO     | Scraping individual AMC source: scrape_nuvama_india_edge_fund
2026-08-18 02:46:32 | INFO     |   -> success=True | fund=Nuvama India EDGE Fund
2026-08-18 02:46:33 | INFO     | Scraping individual AMC source: scrape_phillip_pioneer_portfolio
2026-08-18 02:46:35 | INFO     |   -> success=True | fund=Phillip International Pioneer Portfolio
2026-08-18 02:46:36 | INFO     | Scraping individual AMC source: scrape_ppfas_global_investing_pms
2026-08-18 02:46:52 | INFO     |   -> success=True | fund=Parag Parikh Global Investing Strategy
2026-08-18 03:00:07 | INFO     | Scraping individual AMC source: scrape_tata_dynamic_equity_fund
2026-08-18 03:00:07 | INFO     |   -> success=True | fund=Tata India Dynamic Equity Fund
2026-08-18 03:00:08 | INFO     | Scraping individual AMC source: scrape_dsp_global_equity_fund
2026-08-18 03:00:11 | INFO     |   -> success=True | fund=DSP Global Equity Fund
2026-08-18 03:00:12 | INFO     | Scraping individual AMC source: scrape_ppfas_sp500_fund
2026-08-18 03:00:14 | INFO     |   -> success=True | fund=Parag Parikh IFSC S&P 500 Fund of Fund
2026-08-18 03:00:15 | INFO     | Scraping individual AMC source: scrape_ppfas_nasdaq_fund
2026-08-18 03:00:19 | INFO     |   -> success=True | fund=Parag Parikh IFSC Nasdaq 100 Fund of Fund
2026-08-18 03:00:20 | INFO     | Scraping individual AMC source: scrape_edelweiss_greater_china_fund
2026-08-18 03:00:20 | INFO     |   -> success=True | fund=Edelweiss Greater China Equity Fund
2026-08-18 03:00:21 | INFO     | Scraping individual AMC source: scrape_sundaram_india_midcap_fund
2026-08-18 03:00:23 | INFO     |   -> success=True | fund=Sundaram India Mid Cap - GIFT
2026-08-18 03:00:24 | INFO     | Scraping individual AMC source: scrape_mirae_global_allocation_fund
2026-08-18 03:00:24 | INFO     |   -> success=True | fund=Mirae Asset Global Allocation Fund
2026-08-18 03:00:25 | INFO     | Scraping individual AMC source: scrape_bandhan_india_smallcap_fund
2026-08-18 03:00:26 | INFO     |   -> success=True | fund=Bandhan India Small Cap Fund (IFSC)
2026-08-18 03:00:27 | INFO     | Scraping individual AMC source: scrape_marcellus_global_equities_fund
2026-08-18 03:00:28 | INFO     |   -> success=True | fund=Marcellus Global Equities Fund
2026-08-18 03:00:29 | INFO     | Scraping individual AMC source: scrape_baroda_bnp_us_smallcap_fund
2026-08-18 03:00:30 | INFO     |   -> success=True | fund=Baroda BNP Paribas GIFT US Small Cap Fund
2026-08-18 03:00:31 | INFO     | Scraping individual AMC source: scrape_nippon_india_largecap_fund
2026-08-18 03:00:32 | INFO     |   -> success=True | fund=Nippon India Large Cap Fund GIFT
2026-08-18 03:00:33 | INFO     | Scraping individual AMC source: scrape_altus_quant_algorithmic_fund
2026-08-18 03:00:36 | INFO     |   -> success=True | fund=Quant Algorithmic Strategies Fund
2026-08-18 03:00:37 | INFO     | Scraping individual AMC source: scrape_nuvama_india_edge_fund
2026-08-18 03:00:38 | INFO     |   -> success=True | fund=Nuvama India EDGE Fund
2026-08-18 03:00:39 | INFO     | Scraping individual AMC source: scrape_phillip_pioneer_portfolio
2026-08-18 03:00:41 | INFO     |   -> success=True | fund=Phillip International Pioneer Portfolio
2026-08-18 03:00:42 | INFO     | Scraping individual AMC source: scrape_ppfas_global_investing_pms
2026-08-18 03:00:44 | INFO     |   -> success=True | fund=Parag Parikh Global Investing Strategy
2026-08-18 03:00:45 | INFO     | Scraping individual AMC source: scrape_nj_india_opportunities_fund
2026-08-18 03:00:47 | INFO     |   -> success=False | fund=None
2026-08-18 03:00:47 | ERROR    |      error detail: ImportError: Missing optional dependency 'xlrd'. Install xlrd >= 2.0.1 for xls Excel support Use pip or conda to install xlrd. | Traceback (most recent call last):   File "C:\Users\azhar\Desktop\CV DTU\GIFT city el\venv\Lib\site-packages\pandas\compat\_optional.py", line 135, in import_optional_dependency     module = importlib.import_module(name)              ^^^^^^^^^^^^^^^^^^^^^^^^^^^^^   File "C:\Users\azhar\AppData\Local\Programs\Python\Python312\Lib\importlib\__init__.py", line 90, in import_module     return _bootstrap._gcd_import(name[level:], package, level)            ^^^^^^^^^^^^^^^^^^^^^^^^^^^^^^^^^^^^^^^^^^^^^^^^^^^^   File "<frozen importlib._bootstrap>", line 1387, in _gcd_import ModuleNotFoundError: No module named 'openpyxl'  During handling of the above exception, another exception occurred:  Traceback (most recent call last):   File "C:\Users\azhar\Desktop\CV DTU\GIFT city el\scraper.py", line 960, in scrape_nj_india_opportunities_fund     df = pd.read_excel(io.BytesIO(content), header=None, engine="openpyxl")          ^^^^^^^^^^^^^^^^^^^^^^^^^^^^^^^^^^^^^^^^^^^^^^^^^^^^^^^^^^^^^^^^^^   File "C:\Users\azhar\Desktop\CV DTU\GIFT city el\venv\Lib\site-packages\pandas\io\excel\_base.py", line 495, in read_excel     io = ExcelFile(          ^^^^^^^^^^   File "C:\Users\azhar\Desktop\CV DTU\GIFT city el\venv\Lib\site-packages\pandas\io\excel\_base.py", line 1567, in __init__     self._reader = self._engines[engine](                    ^^^^^^^^^^^^^^^^^^^^^^ ImportError: Missing optional dependency 'openpyxl'.  Use pip or conda to install openpyxl.  During handling of the above exception, another exception occurred:  Traceback (most recent call last):   File "C:\Users\azhar\Desktop\CV DTU\GIFT city el\venv\Lib\site-packages\pandas\compat\_optional.py", line 135, in import_optional_dependency     module = importlib.import_module(name)              ^^^^^^^^^^^^^^^^^^^^^^^^^^^^^   File "C:\Users\azhar\AppData\Local\Programs\Python\Python312\Lib\importlib\__init__.py", line 90, in import_module     return _bootstrap._gcd_import(name[level:], package, level)            ^^^^^^^^^^^^^^^^^^^^^^^^^^^^^^^^^^^^^^^^^^^^^^^^^^^^   File "<frozen importlib._bootstrap>", line 1387, in _gcd_import ModuleNotFoundError: No module named 'xlrd'  During handling of the above exception, another exception occurred:  Traceback (most recent call last):   File "C:\Users\azhar\Desktop\CV DTU\GIFT city el\scraper.py", line 962, in scrape_nj_india_opportunities_fund     df = pd.read_excel(io.BytesIO(content), header=None, engine="xlrd")          ^^^^^^^^^^^^^^^^^^^^^^^^^^^^^^^^^^^^^^^^^^^^^^^^^^^^^^^^^^^^^^   File "C:\Users\azhar\Desktop\CV DTU\GIFT city el\venv\Lib\site-packages\pandas\io\excel\_base.py", line 495, in read_excel     io = ExcelFile(          ^^^^^^^^^^   File "C:\Users\azhar\Desktop\CV DTU\GIFT city el\venv\Lib\site-packages\pandas\io\excel\_base.py", line 1567, in __init__     self._reader = self._engines[engine](                    ^^^^^^^^^^^^^^^^^^^^^^ ImportError: Missing optional dependency 'xlrd'. Install xlrd >= 2.0.1 for xls Excel support Use pip or conda to install xlrd. 
2026-08-18 03:01:37 | INFO     | Scraping individual AMC source: scrape_tata_dynamic_equity_fund
2026-08-18 03:01:38 | INFO     |   -> success=True | fund=Tata India Dynamic Equity Fund
2026-08-18 03:01:39 | INFO     | Scraping individual AMC source: scrape_dsp_global_equity_fund
2026-08-18 03:01:42 | INFO     |   -> success=True | fund=DSP Global Equity Fund
2026-08-18 03:01:43 | INFO     | Scraping individual AMC source: scrape_ppfas_sp500_fund
2026-08-18 03:01:44 | INFO     |   -> success=True | fund=Parag Parikh IFSC S&P 500 Fund of Fund
2026-08-18 03:01:45 | INFO     | Scraping individual AMC source: scrape_ppfas_nasdaq_fund
2026-08-18 03:02:02 | INFO     |   -> success=False | fund=None
2026-08-18 03:02:02 | ERROR    |      error detail: SSLError: HTTPSConnectionPool(host='gift.ppfas.com', port=443): Max retries exceeded with url: /product/outbound/parag_parikh_ifsc_nasdaq_100_fof/nav-history/ (Caused by SSLError(SSLEOFError(8, '[SSL: UNEXPECTED_EOF_WHILE_READING] EOF occurred in violation of protocol (_ssl.c:1000)'))) | Traceback (most recent call last):   File "C:\Users\azhar\Desktop\CV DTU\GIFT city el\venv\Lib\site-packages\urllib3\connectionpool.py", line 464, in _make_request     self._validate_conn(conn)   File "C:\Users\azhar\Desktop\CV DTU\GIFT city el\venv\Lib\site-packages\urllib3\connectionpool.py", line 1106, in _validate_conn     conn.connect()   File "C:\Users\azhar\Desktop\CV DTU\GIFT city el\venv\Lib\site-packages\urllib3\connection.py", line 796, in connect     sock_and_verified = _ssl_wrap_socket_and_match_hostname(                         ^^^^^^^^^^^^^^^^^^^^^^^^^^^^^^^^^^^^ ssl.SSLEOFError: [SSL: UNEXPECTED_EOF_WHILE_READING] EOF occurred in violation of protocol (_ssl.c:1000)  During handling of the above exception, another exception occurred:  Traceback (most recent call last):   File "C:\Users\azhar\Desktop\CV DTU\GIFT city el\venv\Lib\site-packages\urllib3\connectionpool.py", line 788, in urlopen     response = self._make_request(                ^^^^^^^^^^^^^^^^^^^   File "C:\Users\azhar\Desktop\CV DTU\GIFT city el\venv\Lib\site-packages\urllib3\connectionpool.py", line 488, in _make_request     raise new_e urllib3.exceptions.SSLError: [SSL: UNEXPECTED_EOF_WHILE_READING] EOF occurred in violation of protocol (_ssl.c:1000)  The above exception was the direct cause of the following exception:  Traceback (most recent call last):   File "C:\Users\azhar\Desktop\CV DTU\GIFT city el\venv\Lib\site-packages\requests\adapters.py", line 696, in send     resp = conn.urlopen(            ^^^^^^^^^^^^^   File "C:\Users\azhar\Desktop\CV DTU\GIFT city el\venv\Lib\site-packages\urllib3\connectionpool.py", line 842, in urlopen     retries = retries.increment(               ^^^^^^^^^^^^^^^^^^   File "C:\Users\azhar\Desktop\CV DTU\GIFT city el\venv\Lib\site-packages\urllib3\util\retry.py", line 543, in increment     raise MaxRetryError(_pool, url, reason) from reason  # type: ignore[arg-type]     ^^^^^^^^^^^^^^^^^^^^^^^^^^^^^^^^^^^^^^^^^^^^^^^^^^^ urllib3.exceptions.MaxRetryError: HTTPSConnectionPool(host='gift.ppfas.com', port=443): Max retries exceeded with url: /product/outbound/parag_parikh_ifsc_nasdaq_100_fof/nav-history/ (Caused by SSLError(SSLEOFError(8, '[SSL: UNEXPECTED_EOF_WHILE_READING] EOF occurred in violation of protocol (_ssl.c:1000)')))  During handling of the above exception, another exception occurred:  Traceback (most recent call last):   File "C:\Users\azhar\Desktop\CV DTU\GIFT city el\scraper.py", line 745, in scrape_ppfas_nasdaq_fund     response = requests.get(                ^^^^^^^^^^^^^   File "C:\Users\azhar\Desktop\CV DTU\GIFT city el\venv\Lib\site-packages\requests\api.py", line 87, in get     return request("get", url, params=params, **kwargs)            ^^^^^^^^^^^^^^^^^^^^^^^^^^^^^^^^^^^^^^^^^^^^   File "C:\Users\azhar\Desktop\CV DTU\GIFT city el\venv\Lib\site-packages\requests\api.py", line 71, in request     return session.request(method=method, url=url, **kwargs)            ^^^^^^^^^^^^^^^^^^^^^^^^^^^^^^^^^^^^^^^^^^^^^^^^^ requests.exceptions.SSLError: HTTPSConnectionPool(host='gift.ppfas.com', port=443): Max retries exceeded with url: /product/outbound/parag_parikh_ifsc_nasdaq_100_fof/nav-history/ (Caused by SSLError(SSLEOFError(8, '[SSL: UNEXPECTED_EOF_WHILE_READING] EOF occurred in violation of protocol (_ssl.c:1000)'))) 
2026-08-18 03:02:03 | INFO     | Scraping individual AMC source: scrape_edelweiss_greater_china_fund
2026-08-18 03:02:03 | INFO     |   -> success=True | fund=Edelweiss Greater China Equity Fund
2026-08-18 03:02:04 | INFO     | Scraping individual AMC source: scrape_sundaram_india_midcap_fund
2026-08-18 03:02:05 | INFO     |   -> success=True | fund=Sundaram India Mid Cap - GIFT
2026-08-18 03:02:06 | INFO     | Scraping individual AMC source: scrape_mirae_global_allocation_fund
2026-08-18 03:02:07 | INFO     |   -> success=True | fund=Mirae Asset Global Allocation Fund
2026-08-18 03:02:08 | INFO     | Scraping individual AMC source: scrape_bandhan_india_smallcap_fund
2026-08-18 03:02:09 | INFO     |   -> success=True | fund=Bandhan India Small Cap Fund (IFSC)
2026-08-18 03:02:10 | INFO     | Scraping individual AMC source: scrape_marcellus_global_equities_fund
2026-08-18 03:02:11 | INFO     |   -> success=True | fund=Marcellus Global Equities Fund
2026-08-18 03:02:12 | INFO     | Scraping individual AMC source: scrape_baroda_bnp_us_smallcap_fund
2026-08-18 03:02:13 | INFO     |   -> success=True | fund=Baroda BNP Paribas GIFT US Small Cap Fund
2026-08-18 03:02:14 | INFO     | Scraping individual AMC source: scrape_nippon_india_largecap_fund
2026-08-18 03:02:14 | INFO     |   -> success=True | fund=Nippon India Large Cap Fund GIFT
2026-08-18 03:02:15 | INFO     | Scraping individual AMC source: scrape_altus_quant_algorithmic_fund
2026-08-18 03:02:18 | INFO     |   -> success=True | fund=Quant Algorithmic Strategies Fund
2026-08-18 03:02:19 | INFO     | Scraping individual AMC source: scrape_nuvama_india_edge_fund
2026-08-18 03:02:20 | INFO     |   -> success=True | fund=Nuvama India EDGE Fund
2026-08-18 03:02:21 | INFO     | Scraping individual AMC source: scrape_phillip_pioneer_portfolio
2026-08-18 03:02:22 | INFO     |   -> success=True | fund=Phillip International Pioneer Portfolio
2026-08-18 03:02:23 | INFO     | Scraping individual AMC source: scrape_ppfas_global_investing_pms
2026-08-18 03:02:56 | INFO     |   -> success=True | fund=Parag Parikh Global Investing Strategy
2026-08-18 03:02:57 | INFO     | Scraping individual AMC source: scrape_nj_india_opportunities_fund
2026-08-18 03:02:59 | INFO     |   -> success=False | fund=NJ India Opportunities Fund
2026-08-18 03:02:59 | ERROR    |      error detail: Excel file downloaded, but no NAV value could be located -- layout unknown, needs manual check.
2026-08-18 03:07:48 | INFO     | Scraping individual AMC source: scrape_tata_dynamic_equity_fund
2026-08-18 03:07:48 | INFO     |   -> success=True | fund=Tata India Dynamic Equity Fund
2026-08-18 03:07:49 | INFO     | Scraping individual AMC source: scrape_dsp_global_equity_fund
2026-08-18 03:07:52 | INFO     |   -> success=True | fund=DSP Global Equity Fund
2026-08-18 03:07:53 | INFO     | Scraping individual AMC source: scrape_ppfas_sp500_fund
2026-08-18 03:08:19 | INFO     |   -> success=True | fund=Parag Parikh IFSC S&P 500 Fund of Fund
2026-08-18 03:08:20 | INFO     | Scraping individual AMC source: scrape_ppfas_nasdaq_fund
2026-08-18 03:08:58 | INFO     |   -> success=True | fund=Parag Parikh IFSC Nasdaq 100 Fund of Fund
2026-08-18 03:08:59 | INFO     | Scraping individual AMC source: scrape_edelweiss_greater_china_fund
2026-08-18 03:08:59 | INFO     |   -> success=True | fund=Edelweiss Greater China Equity Fund
2026-08-18 03:09:00 | INFO     | Scraping individual AMC source: scrape_sundaram_india_midcap_fund
2026-08-18 03:09:02 | INFO     |   -> success=True | fund=Sundaram India Mid Cap - GIFT
2026-08-18 03:09:03 | INFO     | Scraping individual AMC source: scrape_mirae_global_allocation_fund
2026-08-18 03:09:03 | INFO     |   -> success=True | fund=Mirae Asset Global Allocation Fund
2026-08-18 03:09:04 | INFO     | Scraping individual AMC source: scrape_bandhan_india_smallcap_fund
2026-08-18 03:09:05 | INFO     |   -> success=True | fund=Bandhan India Small Cap Fund (IFSC)
2026-08-18 03:09:06 | INFO     | Scraping individual AMC source: scrape_marcellus_global_equities_fund
2026-08-18 03:09:07 | INFO     |   -> success=True | fund=Marcellus Global Equities Fund
2026-08-18 03:09:08 | INFO     | Scraping individual AMC source: scrape_baroda_bnp_us_smallcap_fund
2026-08-18 03:09:09 | INFO     |   -> success=True | fund=Baroda BNP Paribas GIFT US Small Cap Fund
2026-08-18 03:09:10 | INFO     | Scraping individual AMC source: scrape_nippon_india_largecap_fund
2026-08-18 03:09:11 | INFO     |   -> success=True | fund=Nippon India Large Cap Fund GIFT
2026-08-18 03:09:12 | INFO     | Scraping individual AMC source: scrape_altus_quant_algorithmic_fund
2026-08-18 03:09:16 | INFO     |   -> success=True | fund=Quant Algorithmic Strategies Fund
2026-08-18 03:09:17 | INFO     | Scraping individual AMC source: scrape_nuvama_india_edge_fund
2026-08-18 03:09:17 | INFO     |   -> success=True | fund=Nuvama India EDGE Fund
2026-08-18 03:09:18 | INFO     | Scraping individual AMC source: scrape_phillip_pioneer_portfolio
2026-08-18 03:09:19 | INFO     |   -> success=True | fund=Phillip International Pioneer Portfolio
2026-08-18 03:09:20 | INFO     | Scraping individual AMC source: scrape_ppfas_global_investing_pms
2026-08-18 03:09:36 | INFO     |   -> success=True | fund=Parag Parikh Global Investing Strategy
2026-08-18 03:09:37 | INFO     | Scraping individual AMC source: scrape_nj_india_opportunities_fund
2026-08-18 03:09:39 | INFO     |   [NJ debug] Excel shape: (12, 3)
2026-08-18 03:09:39 | INFO     |   [NJ debug] First 10 rows:
                             0                    1      2
0                       Scheme                 Date    NAV
1  NJ India Opportunities Fund  2026-08-03 00:00:00  $9.35
2  NJ India Opportunities Fund  2026-08-04 00:00:00  $9.32
3  NJ India Opportunities Fund  2026-08-05 00:00:00  $9.30
4  NJ India Opportunities Fund  2026-08-06 00:00:00  $9.31
5  NJ India Opportunities Fund  2026-08-07 00:00:00  $9.29
6  NJ India Opportunities Fund  2026-08-10 00:00:00  $9.30
7  NJ India Opportunities Fund  2026-08-11 00:00:00  $9.31
8  NJ India Opportunities Fund  2026-08-12 00:00:00  $9.29
9  NJ India Opportunities Fund  2026-08-13 00:00:00  $9.31
2026-08-18 03:09:39 | INFO     |   -> success=False | fund=NJ India Opportunities Fund
2026-08-18 03:09:39 | ERROR    |      error detail: Excel file downloaded, but no NAV value could be located -- layout unknown, needs manual check.
2026-08-18 03:11:47 | INFO     | Scraping individual AMC source: scrape_tata_dynamic_equity_fund
2026-08-18 03:11:47 | INFO     |   -> success=True | fund=Tata India Dynamic Equity Fund
2026-08-18 03:11:48 | INFO     | Scraping individual AMC source: scrape_dsp_global_equity_fund
2026-08-18 03:11:51 | INFO     |   -> success=True | fund=DSP Global Equity Fund
2026-08-18 03:11:52 | INFO     | Scraping individual AMC source: scrape_ppfas_sp500_fund
2026-08-18 03:11:54 | INFO     |   -> success=True | fund=Parag Parikh IFSC S&P 500 Fund of Fund
2026-08-18 03:11:55 | INFO     | Scraping individual AMC source: scrape_ppfas_nasdaq_fund
2026-08-18 03:11:59 | INFO     |   -> success=True | fund=Parag Parikh IFSC Nasdaq 100 Fund of Fund
2026-08-18 03:12:00 | INFO     | Scraping individual AMC source: scrape_edelweiss_greater_china_fund
2026-08-18 03:12:01 | INFO     |   -> success=True | fund=Edelweiss Greater China Equity Fund
2026-08-18 03:12:02 | INFO     | Scraping individual AMC source: scrape_sundaram_india_midcap_fund
2026-08-18 03:12:03 | INFO     |   -> success=True | fund=Sundaram India Mid Cap - GIFT
2026-08-18 03:12:04 | INFO     | Scraping individual AMC source: scrape_mirae_global_allocation_fund
2026-08-18 03:12:05 | INFO     |   -> success=True | fund=Mirae Asset Global Allocation Fund
2026-08-18 03:12:06 | INFO     | Scraping individual AMC source: scrape_bandhan_india_smallcap_fund
2026-08-18 03:12:07 | INFO     |   -> success=True | fund=Bandhan India Small Cap Fund (IFSC)
2026-08-18 03:12:08 | INFO     | Scraping individual AMC source: scrape_marcellus_global_equities_fund
2026-08-18 03:12:09 | INFO     |   -> success=True | fund=Marcellus Global Equities Fund
2026-08-18 03:12:10 | INFO     | Scraping individual AMC source: scrape_baroda_bnp_us_smallcap_fund
2026-08-18 03:12:11 | INFO     |   -> success=True | fund=Baroda BNP Paribas GIFT US Small Cap Fund
2026-08-18 03:12:12 | INFO     | Scraping individual AMC source: scrape_nippon_india_largecap_fund
2026-08-18 03:12:13 | INFO     |   -> success=True | fund=Nippon India Large Cap Fund GIFT
2026-08-18 03:12:14 | INFO     | Scraping individual AMC source: scrape_altus_quant_algorithmic_fund
2026-08-18 03:12:18 | INFO     |   -> success=True | fund=Quant Algorithmic Strategies Fund
2026-08-18 03:12:19 | INFO     | Scraping individual AMC source: scrape_nuvama_india_edge_fund
2026-08-18 03:12:19 | INFO     |   -> success=True | fund=Nuvama India EDGE Fund
2026-08-18 03:12:20 | INFO     | Scraping individual AMC source: scrape_phillip_pioneer_portfolio
2026-08-18 03:12:21 | INFO     |   -> success=True | fund=Phillip International Pioneer Portfolio
2026-08-18 03:12:22 | INFO     | Scraping individual AMC source: scrape_ppfas_global_investing_pms
2026-08-18 03:12:24 | INFO     |   -> success=True | fund=Parag Parikh Global Investing Strategy
2026-08-18 03:12:25 | INFO     | Scraping individual AMC source: scrape_nj_india_opportunities_fund
2026-08-18 03:12:27 | INFO     |   [NJ debug] Excel shape: (12, 3)
2026-08-18 03:12:27 | INFO     |   -> success=True | fund=NJ India Opportunities Fund
2026-08-18 16:52:22 | INFO     | Scraping individual AMC source: scrape_tata_dynamic_equity_fund
2026-08-18 16:52:23 | INFO     |   -> success=True | fund=Tata India Dynamic Equity Fund
2026-08-18 16:52:24 | INFO     | Scraping individual AMC source: scrape_dsp_global_equity_fund
2026-08-18 16:52:28 | INFO     |   -> success=True | fund=DSP Global Equity Fund
2026-08-18 16:52:29 | INFO     | Scraping individual AMC source: scrape_ppfas_sp500_fund
2026-08-18 16:52:45 | INFO     |   -> success=True | fund=Parag Parikh IFSC S&P 500 Fund of Fund
2026-08-18 16:52:46 | INFO     | Scraping individual AMC source: scrape_ppfas_nasdaq_fund
2026-08-18 16:53:24 | INFO     |   -> success=True | fund=Parag Parikh IFSC Nasdaq 100 Fund of Fund
2026-08-18 16:53:25 | INFO     | Scraping individual AMC source: scrape_edelweiss_greater_china_fund
2026-08-18 16:53:25 | INFO     |   -> success=True | fund=Edelweiss Greater China Equity Fund
2026-08-18 16:53:26 | INFO     | Scraping individual AMC source: scrape_sundaram_india_midcap_fund
2026-08-18 16:53:28 | INFO     |   -> success=True | fund=Sundaram India Mid Cap - GIFT
2026-08-18 16:53:29 | INFO     | Scraping individual AMC source: scrape_mirae_global_allocation_fund
2026-08-18 16:53:30 | INFO     |   -> success=True | fund=Mirae Asset Global Allocation Fund
2026-08-18 16:53:31 | INFO     | Scraping individual AMC source: scrape_bandhan_india_smallcap_fund
2026-08-18 16:53:32 | INFO     |   -> success=True | fund=Bandhan India Small Cap Fund (IFSC)
2026-08-18 16:53:33 | INFO     | Scraping individual AMC source: scrape_marcellus_global_equities_fund
2026-08-18 16:53:34 | INFO     |   -> success=True | fund=Marcellus Global Equities Fund
2026-08-18 16:53:35 | INFO     | Scraping individual AMC source: scrape_baroda_bnp_us_smallcap_fund
2026-08-18 16:53:37 | INFO     |   -> success=True | fund=Baroda BNP Paribas GIFT US Small Cap Fund
2026-08-18 16:53:38 | INFO     | Scraping individual AMC source: scrape_nippon_india_largecap_fund
2026-08-18 16:53:39 | INFO     |   -> success=True | fund=Nippon India Large Cap Fund GIFT
2026-08-18 16:53:40 | INFO     | Scraping individual AMC source: scrape_altus_quant_algorithmic_fund
2026-08-18 16:53:43 | INFO     |   -> success=True | fund=Quant Algorithmic Strategies Fund
2026-08-18 16:53:44 | INFO     | Scraping individual AMC source: scrape_nuvama_india_edge_fund
2026-08-18 16:53:45 | INFO     |   -> success=True | fund=Nuvama India EDGE Fund
2026-08-18 16:53:46 | INFO     | Scraping individual AMC source: scrape_phillip_pioneer_portfolio
2026-08-18 16:53:48 | INFO     |   -> success=True | fund=Phillip International Pioneer Portfolio
2026-08-18 16:53:49 | INFO     | Scraping individual AMC source: scrape_ppfas_global_investing_pms
2026-08-18 16:54:23 | INFO     |   -> success=True | fund=Parag Parikh Global Investing Strategy
2026-08-18 16:54:24 | INFO     | Scraping individual AMC source: scrape_nj_india_opportunities_fund
2026-08-18 16:54:26 | INFO     |   [NJ debug] Excel shape: (12, 3)
2026-08-18 16:54:26 | INFO     |   -> success=True | fund=NJ India Opportunities Fund
2026-08-19 01:43:05 | INFO     | Scraping individual AMC source: scrape_tata_dynamic_equity_fund
2026-08-19 01:43:06 | INFO     |   -> success=True | fund=Tata India Dynamic Equity Fund
2026-08-19 01:43:07 | INFO     | Scraping individual AMC source: scrape_dsp_global_equity_fund
2026-08-19 01:43:11 | INFO     |   -> success=True | fund=DSP Global Equity Fund
2026-08-19 01:43:12 | INFO     | Scraping individual AMC source: scrape_ppfas_sp500_fund
2026-08-19 01:43:14 | INFO     |   -> success=True | fund=Parag Parikh IFSC S&P 500 Fund of Fund
2026-08-19 01:43:15 | INFO     | Scraping individual AMC source: scrape_ppfas_nasdaq_fund
2026-08-19 01:43:19 | INFO     |   -> success=True | fund=Parag Parikh IFSC Nasdaq 100 Fund of Fund
2026-08-19 01:43:20 | INFO     | Scraping individual AMC source: scrape_edelweiss_greater_china_fund
2026-08-19 01:43:20 | INFO     |   -> success=True | fund=Edelweiss Greater China Equity Fund
2026-08-19 01:43:21 | INFO     | Scraping individual AMC source: scrape_sundaram_india_midcap_fund
2026-08-19 01:43:23 | INFO     |   -> success=True | fund=Sundaram India Mid Cap - GIFT
2026-08-19 01:43:24 | INFO     | Scraping individual AMC source: scrape_mirae_global_allocation_fund
2026-08-19 01:43:25 | INFO     |   -> success=True | fund=Mirae Asset Global Allocation Fund
2026-08-19 01:43:26 | INFO     | Scraping individual AMC source: scrape_bandhan_india_smallcap_fund
2026-08-19 01:43:28 | INFO     |   -> success=True | fund=Bandhan India Small Cap Fund (IFSC)
2026-08-19 01:43:29 | INFO     | Scraping individual AMC source: scrape_marcellus_global_equities_fund
2026-08-19 01:43:31 | INFO     |   -> success=True | fund=Marcellus Global Equities Fund
2026-08-19 01:43:32 | INFO     | Scraping individual AMC source: scrape_baroda_bnp_us_smallcap_fund
2026-08-19 01:43:33 | INFO     |   -> success=True | fund=Baroda BNP Paribas GIFT US Small Cap Fund
2026-08-19 01:43:34 | INFO     | Scraping individual AMC source: scrape_nippon_india_largecap_fund
2026-08-19 01:43:35 | INFO     |   -> success=True | fund=Nippon India Large Cap Fund GIFT
2026-08-19 01:43:36 | INFO     | Scraping individual AMC source: scrape_altus_quant_algorithmic_fund
2026-08-19 01:43:39 | INFO     |   -> success=True | fund=Quant Algorithmic Strategies Fund
2026-08-19 01:43:40 | INFO     | Scraping individual AMC source: scrape_nuvama_india_edge_fund
2026-08-19 01:43:41 | INFO     |   -> success=True | fund=Nuvama India EDGE Fund
2026-08-19 01:43:42 | INFO     | Scraping individual AMC source: scrape_phillip_pioneer_portfolio
2026-08-19 01:43:44 | INFO     |   -> success=True | fund=Phillip International Pioneer Portfolio
2026-08-19 01:43:45 | INFO     | Scraping individual AMC source: scrape_ppfas_global_investing_pms
2026-08-19 01:43:47 | INFO     |   -> success=True | fund=Parag Parikh Global Investing Strategy
2026-08-19 01:43:48 | INFO     | Scraping individual AMC source: scrape_nj_india_opportunities_fund
2026-08-19 01:43:50 | INFO     |   [NJ debug] Excel shape: (12, 3)
2026-08-19 01:43:50 | INFO     |   -> success=True | fund=NJ India Opportunities Fund
2026-08-19 02:06:13 | INFO     | Scraping individual AMC source: scrape_tata_dynamic_equity_fund
2026-08-19 02:06:15 | INFO     |   -> success=True | fund=Tata India Dynamic Equity Fund
2026-08-19 02:06:16 | INFO     | Scraping individual AMC source: scrape_dsp_global_equity_fund
2026-08-19 02:06:26 | INFO     |   -> success=True | fund=DSP Global Equity Fund
2026-08-19 02:06:27 | INFO     | Scraping individual AMC source: scrape_ppfas_sp500_fund
2026-08-19 02:06:28 | INFO     |   -> success=True | fund=Parag Parikh IFSC S&P 500 Fund of Fund
2026-08-19 02:06:29 | INFO     | Scraping individual AMC source: scrape_ppfas_nasdaq_fund
2026-08-19 02:06:33 | INFO     |   -> success=True | fund=Parag Parikh IFSC Nasdaq 100 Fund of Fund
2026-08-19 02:06:34 | INFO     | Scraping individual AMC source: scrape_edelweiss_greater_china_fund
2026-08-19 02:06:34 | INFO     |   -> success=True | fund=Edelweiss Greater China Equity Fund
2026-08-19 02:06:35 | INFO     | Scraping individual AMC source: scrape_sundaram_india_midcap_fund
2026-08-19 02:06:37 | INFO     |   -> success=False | fund=None
2026-08-19 02:06:37 | ERROR    |      error detail: TypeError: dict.update() got multiple values for keyword argument 'benchmark_index' | Traceback (most recent call last):   File "C:\Users\azhar\Desktop\CV DTU\GIFT city el\scraper.py", line 1339, in scrape_sundaram_india_midcap_fund     record.update( TypeError: dict.update() got multiple values for keyword argument 'benchmark_index' 
2026-08-19 02:06:38 | INFO     | Scraping individual AMC source: scrape_mirae_global_allocation_fund
2026-08-19 02:06:39 | INFO     |   -> success=True | fund=Mirae Asset Global Allocation Fund
2026-08-19 02:06:40 | INFO     | Scraping individual AMC source: scrape_bandhan_india_smallcap_fund
2026-08-19 02:06:42 | INFO     |   -> success=False | fund=None
2026-08-19 02:06:42 | ERROR    |      error detail: TypeError: dict.update() got multiple values for keyword argument 'benchmark_index' | Traceback (most recent call last):   File "C:\Users\azhar\Desktop\CV DTU\GIFT city el\scraper.py", line 1305, in scrape_bandhan_india_smallcap_fund     record.update( TypeError: dict.update() got multiple values for keyword argument 'benchmark_index' 
2026-08-19 02:06:43 | INFO     | Scraping individual AMC source: scrape_marcellus_global_equities_fund
2026-08-19 02:06:44 | INFO     |   -> success=True | fund=Marcellus Global Equities Fund
2026-08-19 02:06:45 | INFO     | Scraping individual AMC source: scrape_baroda_bnp_us_smallcap_fund
2026-08-19 02:06:46 | INFO     |   -> success=True | fund=Baroda BNP Paribas GIFT US Small Cap Fund
2026-08-19 02:06:47 | INFO     | Scraping individual AMC source: scrape_nippon_india_largecap_fund
2026-08-19 02:06:48 | INFO     |   -> success=True | fund=Nippon India Large Cap Fund GIFT
2026-08-19 02:06:49 | INFO     | Scraping individual AMC source: scrape_altus_quant_algorithmic_fund
2026-08-19 02:06:53 | INFO     |   -> success=True | fund=Quant Algorithmic Strategies Fund
2026-08-19 02:06:54 | INFO     | Scraping individual AMC source: scrape_nuvama_india_edge_fund
2026-08-19 02:06:55 | INFO     |   -> success=True | fund=Nuvama India EDGE Fund
2026-08-19 02:06:56 | INFO     | Scraping individual AMC source: scrape_phillip_pioneer_portfolio
2026-08-19 02:06:57 | INFO     |   -> success=True | fund=Phillip International Pioneer Portfolio
2026-08-19 02:06:58 | INFO     | Scraping individual AMC source: scrape_ppfas_global_investing_pms
2026-08-19 02:07:01 | INFO     |   -> success=True | fund=Parag Parikh Global Investing Strategy
2026-08-19 02:07:02 | INFO     | Scraping individual AMC source: scrape_nj_india_opportunities_fund
2026-08-19 02:07:05 | INFO     |   [NJ debug] Excel shape: (12, 3)
2026-08-19 02:07:05 | INFO     |   -> success=True | fund=NJ India Opportunities Fund
2026-08-19 02:08:54 | INFO     | Scraping individual AMC source: scrape_tata_dynamic_equity_fund
2026-08-19 02:08:55 | INFO     |   -> success=True | fund=Tata India Dynamic Equity Fund
2026-08-19 02:08:56 | INFO     | Scraping individual AMC source: scrape_dsp_global_equity_fund
2026-08-19 02:08:59 | INFO     |   -> success=True | fund=DSP Global Equity Fund
2026-08-19 02:09:00 | INFO     | Scraping individual AMC source: scrape_ppfas_sp500_fund
2026-08-19 02:09:01 | INFO     |   -> success=True | fund=Parag Parikh IFSC S&P 500 Fund of Fund
2026-08-19 02:09:02 | INFO     | Scraping individual AMC source: scrape_ppfas_nasdaq_fund
2026-08-19 02:09:06 | INFO     |   -> success=True | fund=Parag Parikh IFSC Nasdaq 100 Fund of Fund
2026-08-19 02:09:07 | INFO     | Scraping individual AMC source: scrape_edelweiss_greater_china_fund
2026-08-19 02:09:07 | INFO     |   -> success=True | fund=Edelweiss Greater China Equity Fund
2026-08-19 02:09:08 | INFO     | Scraping individual AMC source: scrape_sundaram_india_midcap_fund
2026-08-19 02:09:10 | INFO     |   -> success=True | fund=Sundaram India Mid Cap - GIFT
2026-08-19 02:09:11 | INFO     | Scraping individual AMC source: scrape_mirae_global_allocation_fund
2026-08-19 02:09:12 | INFO     |   -> success=True | fund=Mirae Asset Global Allocation Fund
2026-08-19 02:09:13 | INFO     | Scraping individual AMC source: scrape_bandhan_india_smallcap_fund
2026-08-19 02:09:14 | INFO     |   -> success=True | fund=Bandhan India Small Cap Fund (IFSC)
2026-08-19 02:09:15 | INFO     | Scraping individual AMC source: scrape_marcellus_global_equities_fund
2026-08-19 02:09:16 | INFO     |   -> success=True | fund=Marcellus Global Equities Fund
2026-08-19 02:09:17 | INFO     | Scraping individual AMC source: scrape_baroda_bnp_us_smallcap_fund
2026-08-19 02:09:18 | INFO     |   -> success=True | fund=Baroda BNP Paribas GIFT US Small Cap Fund
2026-08-19 02:09:19 | INFO     | Scraping individual AMC source: scrape_nippon_india_largecap_fund
2026-08-19 02:09:21 | INFO     |   -> success=True | fund=Nippon India Large Cap Fund GIFT
2026-08-19 02:09:22 | INFO     | Scraping individual AMC source: scrape_altus_quant_algorithmic_fund
2026-08-19 02:09:25 | INFO     |   -> success=True | fund=Quant Algorithmic Strategies Fund
2026-08-19 02:09:26 | INFO     | Scraping individual AMC source: scrape_nuvama_india_edge_fund
2026-08-19 02:09:26 | INFO     |   -> success=True | fund=Nuvama India EDGE Fund
2026-08-19 02:09:27 | INFO     | Scraping individual AMC source: scrape_phillip_pioneer_portfolio
2026-08-19 02:09:28 | INFO     |   -> success=True | fund=Phillip International Pioneer Portfolio
2026-08-19 02:09:29 | INFO     | Scraping individual AMC source: scrape_ppfas_global_investing_pms
2026-08-19 02:09:32 | INFO     |   -> success=True | fund=Parag Parikh Global Investing Strategy
2026-08-19 02:09:33 | INFO     | Scraping individual AMC source: scrape_nj_india_opportunities_fund
2026-08-19 02:09:34 | INFO     |   [NJ debug] Excel shape: (12, 3)
2026-08-19 02:09:34 | INFO     |   -> success=True | fund=NJ India Opportunities Fund
2026-08-19 02:16:13 | INFO     | Scraping individual AMC source: scrape_tata_dynamic_equity_fund
2026-08-19 02:16:14 | INFO     |   -> success=True | fund=Tata India Dynamic Equity Fund
2026-08-19 02:16:15 | INFO     | Scraping individual AMC source: scrape_dsp_global_equity_fund
2026-08-19 02:16:17 | INFO     |   -> success=True | fund=DSP Global Equity Fund
2026-08-19 02:16:18 | INFO     | Scraping individual AMC source: scrape_ppfas_sp500_fund
2026-08-19 02:16:20 | INFO     |   -> success=True | fund=Parag Parikh IFSC S&P 500 Fund of Fund
2026-08-19 02:16:21 | INFO     | Scraping individual AMC source: scrape_ppfas_nasdaq_fund
2026-08-19 02:16:45 | INFO     |   -> success=True | fund=Parag Parikh IFSC Nasdaq 100 Fund of Fund
2026-08-19 02:16:46 | INFO     | Scraping individual AMC source: scrape_edelweiss_greater_china_fund
2026-08-19 02:16:46 | INFO     |   -> success=True | fund=Edelweiss Greater China Equity Fund
2026-08-19 02:16:47 | INFO     | Scraping individual AMC source: scrape_sundaram_india_midcap_fund
2026-08-19 02:16:49 | INFO     |   -> success=True | fund=Sundaram India Mid Cap - GIFT
2026-08-19 02:16:50 | INFO     | Scraping individual AMC source: scrape_mirae_global_allocation_fund
2026-08-19 02:16:50 | INFO     |   -> success=True | fund=Mirae Asset Global Allocation Fund
2026-08-19 02:16:51 | INFO     | Scraping individual AMC source: scrape_bandhan_india_smallcap_fund
2026-08-19 02:16:52 | INFO     |   -> success=True | fund=Bandhan India Small Cap Fund (IFSC)
2026-08-19 02:16:53 | INFO     | Scraping individual AMC source: scrape_marcellus_global_equities_fund
2026-08-19 02:16:54 | INFO     |   -> success=True | fund=Marcellus Global Equities Fund
2026-08-19 02:16:55 | INFO     | Scraping individual AMC source: scrape_baroda_bnp_us_smallcap_fund
2026-08-19 02:16:56 | INFO     |   -> success=True | fund=Baroda BNP Paribas GIFT US Small Cap Fund
2026-08-19 02:16:57 | INFO     | Scraping individual AMC source: scrape_nippon_india_largecap_fund
2026-08-19 02:16:58 | INFO     |   -> success=True | fund=Nippon India Large Cap Fund GIFT
2026-08-19 02:16:59 | INFO     | Scraping individual AMC source: scrape_altus_quant_algorithmic_fund
2026-08-19 02:17:03 | INFO     |   -> success=True | fund=Quant Algorithmic Strategies Fund
2026-08-19 02:17:04 | INFO     | Scraping individual AMC source: scrape_nuvama_india_edge_fund
2026-08-19 02:17:04 | INFO     |   -> success=True | fund=Nuvama India EDGE Fund
2026-08-19 02:17:05 | INFO     | Scraping individual AMC source: scrape_phillip_pioneer_portfolio
2026-08-19 02:17:06 | INFO     |   -> success=True | fund=Phillip International Pioneer Portfolio
2026-08-19 02:17:07 | INFO     | Scraping individual AMC source: scrape_ppfas_global_investing_pms
2026-08-19 02:17:09 | INFO     |   -> success=True | fund=Parag Parikh Global Investing Strategy
2026-08-19 02:17:10 | INFO     | Scraping individual AMC source: scrape_nj_india_opportunities_fund
2026-08-19 02:17:11 | INFO     |   [NJ debug] Excel shape: (12, 3)
2026-08-19 02:17:11 | INFO     |   -> success=True | fund=NJ India Opportunities Fund
2026-08-19 02:21:08 | INFO     | Scraping individual AMC source: scrape_tata_dynamic_equity_fund
2026-08-19 02:21:09 | INFO     |   -> success=True | fund=Tata India Dynamic Equity Fund
2026-08-19 02:21:10 | INFO     | Scraping individual AMC source: scrape_dsp_global_equity_fund
2026-08-19 02:21:13 | INFO     |   -> success=True | fund=DSP Global Equity Fund
2026-08-19 02:21:14 | INFO     | Scraping individual AMC source: scrape_ppfas_sp500_fund
2026-08-19 02:21:16 | INFO     |   -> success=True | fund=Parag Parikh IFSC S&P 500 Fund of Fund
2026-08-19 02:21:17 | INFO     | Scraping individual AMC source: scrape_ppfas_nasdaq_fund
2026-08-19 02:21:54 | INFO     |   -> success=True | fund=Parag Parikh IFSC Nasdaq 100 Fund of Fund
2026-08-19 02:21:55 | INFO     | Scraping individual AMC source: scrape_edelweiss_greater_china_fund
2026-08-19 02:21:56 | INFO     |   -> success=True | fund=Edelweiss Greater China Equity Fund
2026-08-19 02:21:57 | INFO     | Scraping individual AMC source: scrape_sundaram_india_midcap_fund
2026-08-19 02:21:59 | INFO     |   -> success=True | fund=Sundaram India Mid Cap - GIFT
2026-08-19 02:22:00 | INFO     | Scraping individual AMC source: scrape_mirae_global_allocation_fund
2026-08-19 02:22:00 | INFO     |   -> success=True | fund=Mirae Asset Global Allocation Fund
2026-08-19 02:22:01 | INFO     | Scraping individual AMC source: scrape_bandhan_india_smallcap_fund
2026-08-19 02:22:05 | INFO     |   -> success=True | fund=Bandhan India Small Cap Fund (IFSC)
2026-08-19 02:22:06 | INFO     | Scraping individual AMC source: scrape_marcellus_global_equities_fund
2026-08-19 02:22:07 | INFO     |   -> success=True | fund=Marcellus Global Equities Fund
2026-08-19 02:22:08 | INFO     | Scraping individual AMC source: scrape_baroda_bnp_us_smallcap_fund
2026-08-19 02:22:09 | INFO     |   -> success=True | fund=Baroda BNP Paribas GIFT US Small Cap Fund
2026-08-19 02:22:10 | INFO     | Scraping individual AMC source: scrape_nippon_india_largecap_fund
2026-08-19 02:22:11 | INFO     |   -> success=True | fund=Nippon India Large Cap Fund GIFT
2026-08-19 02:22:12 | INFO     | Scraping individual AMC source: scrape_altus_quant_algorithmic_fund
2026-08-19 02:22:16 | INFO     |   -> success=True | fund=Quant Algorithmic Strategies Fund
2026-08-19 02:22:17 | INFO     | Scraping individual AMC source: scrape_nuvama_india_edge_fund
2026-08-19 02:22:17 | INFO     |   -> success=True | fund=Nuvama India EDGE Fund
2026-08-19 02:22:18 | INFO     | Scraping individual AMC source: scrape_phillip_pioneer_portfolio
2026-08-19 02:22:19 | INFO     |   -> success=True | fund=Phillip International Pioneer Portfolio
2026-08-19 02:22:20 | INFO     | Scraping individual AMC source: scrape_ppfas_global_investing_pms
2026-08-19 02:22:36 | INFO     |   -> success=True | fund=Parag Parikh Global Investing Strategy
2026-08-19 02:22:37 | INFO     | Scraping individual AMC source: scrape_nj_india_opportunities_fund
2026-08-19 02:22:38 | INFO     |   [NJ debug] Excel shape: (12, 3)
2026-08-19 02:22:38 | INFO     |   -> success=True | fund=NJ India Opportunities Fund
2026-08-19 02:30:34 | INFO     | Scraping individual AMC source: scrape_tata_dynamic_equity_fund
2026-08-19 02:30:34 | INFO     |   -> success=True | fund=Tata India Dynamic Equity Fund
2026-08-19 02:30:35 | INFO     | Scraping individual AMC source: scrape_dsp_global_equity_fund
2026-08-19 02:30:38 | INFO     |   -> success=True | fund=DSP Global Equity Fund
2026-08-19 02:30:39 | INFO     | Scraping individual AMC source: scrape_ppfas_sp500_fund
2026-08-19 02:30:41 | INFO     |   -> success=True | fund=Parag Parikh IFSC S&P 500 Fund of Fund
2026-08-19 02:30:42 | INFO     | Scraping individual AMC source: scrape_ppfas_nasdaq_fund
2026-08-19 02:31:20 | INFO     |   -> success=True | fund=Parag Parikh IFSC Nasdaq 100 Fund of Fund
2026-08-19 02:31:21 | INFO     | Scraping individual AMC source: scrape_edelweiss_greater_china_fund
2026-08-19 02:31:21 | INFO     |   -> success=True | fund=Edelweiss Greater China Equity Fund
2026-08-19 02:31:22 | INFO     | Scraping individual AMC source: scrape_sundaram_india_midcap_fund
2026-08-19 02:31:23 | INFO     |   -> success=True | fund=Sundaram India Mid Cap - GIFT
2026-08-19 02:31:24 | INFO     | Scraping individual AMC source: scrape_mirae_global_allocation_fund
2026-08-19 02:31:25 | INFO     |   -> success=True | fund=Mirae Asset Global Allocation Fund
2026-08-19 02:31:26 | INFO     | Scraping individual AMC source: scrape_bandhan_india_smallcap_fund
2026-08-19 02:31:27 | INFO     |   -> success=True | fund=Bandhan India Small Cap Fund (IFSC)
2026-08-19 02:31:28 | INFO     | Scraping individual AMC source: scrape_marcellus_global_equities_fund
2026-08-19 02:31:29 | INFO     |   -> success=True | fund=Marcellus Global Equities Fund
2026-08-19 02:31:30 | INFO     | Scraping individual AMC source: scrape_baroda_bnp_us_smallcap_fund
2026-08-19 02:31:31 | INFO     |   -> success=True | fund=Baroda BNP Paribas GIFT US Small Cap Fund
2026-08-19 02:31:32 | INFO     | Scraping individual AMC source: scrape_nippon_india_largecap_fund
2026-08-19 02:31:33 | INFO     |   -> success=True | fund=Nippon India Large Cap Fund GIFT
2026-08-19 02:31:34 | INFO     | Scraping individual AMC source: scrape_altus_quant_algorithmic_fund
2026-08-19 02:31:38 | INFO     |   -> success=True | fund=Quant Algorithmic Strategies Fund
2026-08-19 02:31:39 | INFO     | Scraping individual AMC source: scrape_nuvama_india_edge_fund
2026-08-19 02:31:39 | INFO     |   -> success=True | fund=Nuvama India EDGE Fund
2026-08-19 02:31:40 | INFO     | Scraping individual AMC source: scrape_phillip_pioneer_portfolio
2026-08-19 02:31:42 | INFO     |   -> success=True | fund=Phillip International Pioneer Portfolio
2026-08-19 02:31:43 | INFO     | Scraping individual AMC source: scrape_ppfas_global_investing_pms
2026-08-19 02:31:45 | INFO     |   -> success=True | fund=Parag Parikh Global Investing Strategy
2026-08-19 02:31:46 | INFO     | Scraping individual AMC source: scrape_nj_india_opportunities_fund
2026-08-19 02:31:47 | INFO     |   [NJ debug] Excel shape: (12, 3)
2026-08-19 02:31:47 | INFO     |   -> success=True | fund=NJ India Opportunities Fund
2026-08-19 02:35:42 | INFO     | Scraping individual AMC source: scrape_tata_dynamic_equity_fund
2026-08-19 02:35:43 | INFO     |   -> success=True | fund=Tata India Dynamic Equity Fund
2026-08-19 02:35:44 | INFO     | Scraping individual AMC source: scrape_dsp_global_equity_fund
2026-08-19 02:35:47 | INFO     |   -> success=True | fund=DSP Global Equity Fund
2026-08-19 02:35:48 | INFO     | Scraping individual AMC source: scrape_ppfas_sp500_fund
2026-08-19 02:36:04 | INFO     |   -> success=True | fund=Parag Parikh IFSC S&P 500 Fund of Fund
2026-08-19 02:36:05 | INFO     | Scraping individual AMC source: scrape_ppfas_nasdaq_fund
2026-08-19 02:36:22 | INFO     |   -> success=True | fund=Parag Parikh IFSC Nasdaq 100 Fund of Fund
2026-08-19 02:36:23 | INFO     | Scraping individual AMC source: scrape_edelweiss_greater_china_fund
2026-08-19 02:36:24 | INFO     |   -> success=True | fund=Edelweiss Greater China Equity Fund
2026-08-19 02:36:25 | INFO     | Scraping individual AMC source: scrape_sundaram_india_midcap_fund
2026-08-19 02:36:26 | INFO     |   -> success=True | fund=Sundaram India Mid Cap - GIFT
2026-08-19 02:36:27 | INFO     | Scraping individual AMC source: scrape_mirae_global_allocation_fund
2026-08-19 02:36:28 | INFO     |   -> success=True | fund=Mirae Asset Global Allocation Fund
2026-08-19 02:36:29 | INFO     | Scraping individual AMC source: scrape_bandhan_india_smallcap_fund
2026-08-19 02:36:30 | INFO     |   -> success=True | fund=Bandhan India Small Cap Fund (IFSC)
2026-08-19 02:36:31 | INFO     | Scraping individual AMC source: scrape_marcellus_global_equities_fund
2026-08-19 02:36:32 | INFO     |   -> success=True | fund=Marcellus Global Equities Fund
2026-08-19 02:36:33 | INFO     | Scraping individual AMC source: scrape_baroda_bnp_us_smallcap_fund
2026-08-19 02:36:35 | INFO     |   -> success=True | fund=Baroda BNP Paribas GIFT US Small Cap Fund
2026-08-19 02:36:36 | INFO     | Scraping individual AMC source: scrape_nippon_india_largecap_fund
2026-08-19 02:36:36 | INFO     |   -> success=True | fund=Nippon India Large Cap Fund GIFT
2026-08-19 02:36:37 | INFO     | Scraping individual AMC source: scrape_altus_quant_algorithmic_fund
2026-08-19 02:36:41 | INFO     |   -> success=True | fund=Quant Algorithmic Strategies Fund
2026-08-19 02:36:42 | INFO     | Scraping individual AMC source: scrape_nuvama_india_edge_fund
2026-08-19 02:36:42 | INFO     |   -> success=True | fund=Nuvama India EDGE Fund
2026-08-19 02:36:43 | INFO     | Scraping individual AMC source: scrape_phillip_pioneer_portfolio
2026-08-19 02:36:44 | INFO     |   -> success=True | fund=Phillip International Pioneer Portfolio
2026-08-19 02:36:45 | INFO     | Scraping individual AMC source: scrape_ppfas_global_investing_pms
2026-08-19 02:37:02 | INFO     |   -> success=True | fund=Parag Parikh Global Investing Strategy
2026-08-19 02:37:03 | INFO     | Scraping individual AMC source: scrape_nj_india_opportunities_fund
2026-08-19 02:37:04 | INFO     |   [NJ debug] Excel shape: (12, 3)
2026-08-19 02:37:04 | INFO     |   -> success=True | fund=NJ India Opportunities Fund
2026-08-19 02:45:57 | INFO     | Scraping individual AMC source: scrape_tata_dynamic_equity_fund
2026-08-19 02:45:58 | INFO     |   -> success=True | fund=Tata India Dynamic Equity Fund
2026-08-19 02:45:59 | INFO     | Scraping individual AMC source: scrape_dsp_global_equity_fund
2026-08-19 02:46:02 | INFO     |   -> success=True | fund=DSP Global Equity Fund
2026-08-19 02:46:03 | INFO     | Scraping individual AMC source: scrape_ppfas_sp500_fund
2026-08-19 02:46:05 | INFO     |   -> success=True | fund=Parag Parikh IFSC S&P 500 Fund of Fund
2026-08-19 02:46:06 | INFO     | Scraping individual AMC source: scrape_ppfas_nasdaq_fund
2026-08-19 02:46:29 | INFO     |   -> success=True | fund=Parag Parikh IFSC Nasdaq 100 Fund of Fund
2026-08-19 02:46:30 | INFO     | Scraping individual AMC source: scrape_edelweiss_greater_china_fund
2026-08-19 02:46:31 | INFO     |   -> success=True | fund=Edelweiss Greater China Equity Fund
2026-08-19 02:46:32 | INFO     | Scraping individual AMC source: scrape_sundaram_india_midcap_fund
2026-08-19 02:46:33 | INFO     |   -> success=True | fund=Sundaram India Mid Cap - GIFT
2026-08-19 02:46:34 | INFO     | Scraping individual AMC source: scrape_mirae_global_allocation_fund
2026-08-19 02:46:35 | INFO     |   -> success=True | fund=Mirae Asset Global Allocation Fund
2026-08-19 02:46:36 | INFO     | Scraping individual AMC source: scrape_bandhan_india_smallcap_fund
2026-08-19 02:46:38 | INFO     |   -> success=True | fund=Bandhan India Small Cap Fund (IFSC)
2026-08-19 02:46:39 | INFO     | Scraping individual AMC source: scrape_marcellus_global_equities_fund
2026-08-19 02:46:40 | INFO     |   -> success=True | fund=Marcellus Global Equities Fund
2026-08-19 02:46:41 | INFO     | Scraping individual AMC source: scrape_baroda_bnp_us_smallcap_fund
2026-08-19 02:46:42 | INFO     |   -> success=True | fund=Baroda BNP Paribas GIFT US Small Cap Fund
2026-08-19 02:46:43 | INFO     | Scraping individual AMC source: scrape_nippon_india_largecap_fund
2026-08-19 02:46:43 | INFO     |   -> success=True | fund=Nippon India Large Cap Fund GIFT
2026-08-19 02:46:44 | INFO     | Scraping individual AMC source: scrape_altus_quant_algorithmic_fund
2026-08-19 02:46:48 | INFO     |   -> success=True | fund=Quant Algorithmic Strategies Fund
2026-08-19 02:46:49 | INFO     | Scraping individual AMC source: scrape_nuvama_india_edge_fund
2026-08-19 02:46:49 | INFO     |   -> success=True | fund=Nuvama India EDGE Fund
2026-08-19 02:46:50 | INFO     | Scraping individual AMC source: scrape_phillip_pioneer_portfolio
2026-08-19 02:46:51 | INFO     |   -> success=True | fund=Phillip International Pioneer Portfolio
2026-08-19 02:46:52 | INFO     | Scraping individual AMC source: scrape_ppfas_global_investing_pms
2026-08-19 02:46:54 | INFO     |   -> success=True | fund=Parag Parikh Global Investing Strategy
2026-08-19 02:46:55 | INFO     | Scraping individual AMC source: scrape_nj_india_opportunities_fund
2026-08-19 02:46:57 | INFO     |   [NJ debug] Excel shape: (12, 3)
2026-08-19 02:46:57 | INFO     |   -> success=True | fund=NJ India Opportunities Fund
2026-08-19 03:07:38 | INFO     | Scraping individual AMC source: scrape_tata_dynamic_equity_fund
2026-08-19 03:07:39 | INFO     |   -> success=True | fund=Tata India Dynamic Equity Fund
2026-08-19 03:07:40 | INFO     | Scraping individual AMC source: scrape_dsp_global_equity_fund
2026-08-19 03:07:42 | INFO     |   -> success=True | fund=DSP Global Equity Fund
2026-08-19 03:07:43 | INFO     | Scraping individual AMC source: scrape_ppfas_sp500_fund
2026-08-19 03:07:45 | INFO     |   -> success=True | fund=Parag Parikh IFSC S&P 500 Fund of Fund
2026-08-19 03:07:46 | INFO     | Scraping individual AMC source: scrape_ppfas_nasdaq_fund
2026-08-19 03:07:49 | INFO     |   -> success=True | fund=Parag Parikh IFSC Nasdaq 100 Fund of Fund
2026-08-19 03:07:50 | INFO     | Scraping individual AMC source: scrape_edelweiss_greater_china_fund
2026-08-19 03:07:51 | INFO     |   -> success=True | fund=Edelweiss Greater China Equity Fund
2026-08-19 03:07:52 | INFO     | Scraping individual AMC source: scrape_sundaram_india_midcap_fund
2026-08-19 03:07:54 | INFO     |   -> success=True | fund=Sundaram India Mid Cap - GIFT
2026-08-19 03:07:55 | INFO     | Scraping individual AMC source: scrape_mirae_global_allocation_fund
2026-08-19 03:07:55 | INFO     |   -> success=True | fund=Mirae Asset Global Allocation Fund
2026-08-19 03:07:56 | INFO     | Scraping individual AMC source: scrape_bandhan_india_smallcap_fund
2026-08-19 03:07:57 | INFO     |   -> success=True | fund=Bandhan India Small Cap Fund (IFSC)
2026-08-19 03:07:58 | INFO     | Scraping individual AMC source: scrape_marcellus_global_equities_fund
2026-08-19 03:07:59 | INFO     |   -> success=True | fund=Marcellus Global Equities Fund
2026-08-19 03:08:00 | INFO     | Scraping individual AMC source: scrape_baroda_bnp_us_smallcap_fund
2026-08-19 03:08:01 | INFO     |   -> success=True | fund=Baroda BNP Paribas GIFT US Small Cap Fund
2026-08-19 03:08:02 | INFO     | Scraping individual AMC source: scrape_nippon_india_largecap_fund
2026-08-19 03:08:03 | INFO     |   -> success=True | fund=Nippon India Large Cap Fund GIFT
2026-08-19 03:08:04 | INFO     | Scraping individual AMC source: scrape_altus_quant_algorithmic_fund
2026-08-19 03:08:07 | INFO     |   -> success=True | fund=Quant Algorithmic Strategies Fund
2026-08-19 03:08:08 | INFO     | Scraping individual AMC source: scrape_nuvama_india_edge_fund
2026-08-19 03:08:08 | INFO     |   -> success=True | fund=Nuvama India EDGE Fund
2026-08-19 03:08:09 | INFO     | Scraping individual AMC source: scrape_phillip_pioneer_portfolio
2026-08-19 03:08:10 | INFO     |   -> success=True | fund=Phillip International Pioneer Portfolio
2026-08-19 03:08:11 | INFO     | Scraping individual AMC source: scrape_ppfas_global_investing_pms
2026-08-19 03:08:13 | INFO     |   -> success=True | fund=Parag Parikh Global Investing Strategy
2026-08-19 03:08:14 | INFO     | Scraping individual AMC source: scrape_nj_india_opportunities_fund
2026-08-19 03:08:16 | INFO     |   [NJ debug] Excel shape: (12, 3)
2026-08-19 03:08:16 | INFO     |   -> success=True | fund=NJ India Opportunities Fund
2026-08-19 03:26:29 | INFO     | Scraping individual AMC source: scrape_tata_dynamic_equity_fund
2026-08-19 03:26:30 | INFO     |   -> success=True | fund=Tata India Dynamic Equity Fund
2026-08-19 03:26:31 | INFO     | Scraping individual AMC source: scrape_dsp_global_equity_fund
2026-08-19 03:26:33 | INFO     |   -> success=True | fund=DSP Global Equity Fund
2026-08-19 03:26:34 | INFO     | Scraping individual AMC source: scrape_ppfas_sp500_fund
2026-08-19 03:26:50 | INFO     |   -> success=True | fund=Parag Parikh IFSC S&P 500 Fund of Fund
2026-08-19 03:26:51 | INFO     | Scraping individual AMC source: scrape_ppfas_nasdaq_fund
2026-08-19 03:27:09 | INFO     |   -> success=True | fund=Parag Parikh IFSC Nasdaq 100 Fund of Fund
2026-08-19 03:27:10 | INFO     | Scraping individual AMC source: scrape_edelweiss_greater_china_fund
2026-08-19 03:27:10 | INFO     |   -> success=True | fund=Edelweiss Greater China Equity Fund
2026-08-19 03:27:11 | INFO     | Scraping individual AMC source: scrape_sundaram_india_midcap_fund
2026-08-19 03:27:12 | INFO     |   -> success=True | fund=Sundaram India Mid Cap - GIFT
2026-08-19 03:27:13 | INFO     | Scraping individual AMC source: scrape_mirae_global_allocation_fund
2026-08-19 03:27:14 | INFO     |   -> success=True | fund=Mirae Asset Global Allocation Fund
2026-08-19 03:27:15 | INFO     | Scraping individual AMC source: scrape_bandhan_india_smallcap_fund
2026-08-19 03:27:17 | INFO     |   -> success=True | fund=Bandhan India Small Cap Fund (IFSC)
2026-08-19 03:27:18 | INFO     | Scraping individual AMC source: scrape_marcellus_global_equities_fund
2026-08-19 03:27:19 | INFO     |   -> success=True | fund=Marcellus Global Equities Fund
2026-08-19 03:27:20 | INFO     | Scraping individual AMC source: scrape_baroda_bnp_us_smallcap_fund
2026-08-19 03:27:20 | INFO     |   -> success=True | fund=Baroda BNP Paribas GIFT US Small Cap Fund
2026-08-19 03:27:21 | INFO     | Scraping individual AMC source: scrape_nippon_india_largecap_fund
2026-08-19 03:27:22 | INFO     |   -> success=True | fund=Nippon India Large Cap Fund GIFT
2026-08-19 03:27:23 | INFO     | Scraping individual AMC source: scrape_altus_quant_algorithmic_fund
2026-08-19 03:27:26 | INFO     |   -> success=True | fund=Quant Algorithmic Strategies Fund
2026-08-19 03:27:27 | INFO     | Scraping individual AMC source: scrape_nuvama_india_edge_fund
2026-08-19 03:27:27 | INFO     |   -> success=True | fund=Nuvama India EDGE Fund
2026-08-19 03:27:28 | INFO     | Scraping individual AMC source: scrape_phillip_pioneer_portfolio
2026-08-19 03:27:30 | INFO     |   -> success=True | fund=Phillip International Pioneer Portfolio
2026-08-19 03:27:31 | INFO     | Scraping individual AMC source: scrape_ppfas_global_investing_pms
2026-08-19 03:27:46 | INFO     |   -> success=True | fund=Parag Parikh Global Investing Strategy
2026-08-19 03:27:47 | INFO     | Scraping individual AMC source: scrape_nj_india_opportunities_fund
2026-08-19 03:27:49 | INFO     |   [NJ debug] Excel shape: (12, 3)
2026-08-19 03:27:49 | INFO     |   -> success=True | fund=NJ India Opportunities Fund
2026-08-19 03:37:59 | INFO     | Scraping individual AMC source: scrape_tata_dynamic_equity_fund
2026-08-19 03:38:00 | INFO     |   -> success=True | fund=Tata India Dynamic Equity Fund
2026-08-19 03:38:01 | INFO     | Scraping individual AMC source: scrape_dsp_global_equity_fund
2026-08-19 03:38:03 | INFO     |   -> success=True | fund=DSP Global Equity Fund
2026-08-19 03:38:04 | INFO     | Scraping individual AMC source: scrape_ppfas_sp500_fund
2026-08-19 03:38:20 | INFO     |   -> success=True | fund=Parag Parikh IFSC S&P 500 Fund of Fund
2026-08-19 03:38:21 | INFO     | Scraping individual AMC source: scrape_ppfas_nasdaq_fund
2026-08-19 03:38:59 | INFO     |   -> success=True | fund=Parag Parikh IFSC Nasdaq 100 Fund of Fund
2026-08-19 03:39:00 | INFO     | Scraping individual AMC source: scrape_edelweiss_greater_china_fund
2026-08-19 03:39:00 | INFO     |   -> success=True | fund=Edelweiss Greater China Equity Fund
2026-08-19 03:39:01 | INFO     | Scraping individual AMC source: scrape_sundaram_india_midcap_fund
2026-08-19 03:39:02 | INFO     |   -> success=True | fund=Sundaram India Mid Cap - GIFT
2026-08-19 03:39:03 | INFO     | Scraping individual AMC source: scrape_mirae_global_allocation_fund
2026-08-19 03:39:04 | INFO     |   -> success=True | fund=Mirae Asset Global Allocation Fund
2026-08-19 03:39:05 | INFO     | Scraping individual AMC source: scrape_bandhan_india_smallcap_fund
2026-08-19 03:39:06 | INFO     |   -> success=True | fund=Bandhan India Small Cap Fund (IFSC)
2026-08-19 03:39:07 | INFO     | Scraping individual AMC source: scrape_bandhan_india_large_midcap_fund
2026-08-19 03:39:09 | INFO     |   -> success=True | fund=Bandhan India Large and Mid-Cap Fund (IFSC)
2026-08-19 03:39:10 | INFO     | Scraping individual AMC source: scrape_marcellus_global_equities_fund
2026-08-19 03:39:11 | INFO     |   -> success=True | fund=Marcellus Global Equities Fund
2026-08-19 03:39:12 | INFO     | Scraping individual AMC source: scrape_baroda_bnp_us_smallcap_fund
2026-08-19 03:39:12 | INFO     |   -> success=True | fund=Baroda BNP Paribas GIFT US Small Cap Fund
2026-08-19 03:39:13 | INFO     | Scraping individual AMC source: scrape_nippon_india_largecap_fund
2026-08-19 03:39:14 | INFO     |   -> success=True | fund=Nippon India Large Cap Fund GIFT
2026-08-19 03:39:15 | INFO     | Scraping individual AMC source: scrape_altus_quant_algorithmic_fund
2026-08-19 03:39:18 | INFO     |   -> success=True | fund=Quant Algorithmic Strategies Fund
2026-08-19 03:39:19 | INFO     | Scraping individual AMC source: scrape_nuvama_india_edge_fund
2026-08-19 03:39:20 | INFO     |   -> success=True | fund=Nuvama India EDGE Fund
2026-08-19 03:39:21 | INFO     | Scraping individual AMC source: scrape_phillip_pioneer_portfolio
2026-08-19 03:39:22 | INFO     |   -> success=True | fund=Phillip International Pioneer Portfolio
2026-08-19 03:39:23 | INFO     | Scraping individual AMC source: scrape_ppfas_global_investing_pms
2026-08-19 03:39:39 | INFO     |   -> success=True | fund=Parag Parikh Global Investing Strategy
2026-08-19 03:39:40 | INFO     | Scraping individual AMC source: scrape_nj_india_opportunities_fund
2026-08-19 03:39:41 | INFO     |   [NJ debug] Excel shape: (12, 3)
2026-08-19 03:39:41 | INFO     |   -> success=True | fund=NJ India Opportunities Fund
2026-08-19 11:51:51 | INFO     | Scraping individual AMC source: scrape_tata_dynamic_equity_fund
2026-08-19 11:51:53 | INFO     |   -> success=True | fund=Tata India Dynamic Equity Fund
2026-08-19 11:51:54 | INFO     | Scraping individual AMC source: scrape_dsp_global_equity_fund
2026-08-19 11:51:57 | INFO     |   -> success=True | fund=DSP Global Equity Fund
2026-08-19 11:51:58 | INFO     | Scraping individual AMC source: scrape_ppfas_sp500_fund
2026-08-19 11:52:05 | INFO     |   -> success=True | fund=Parag Parikh IFSC S&P 500 Fund of Fund
2026-08-19 11:52:06 | INFO     | Scraping individual AMC source: scrape_ppfas_nasdaq_fund
2026-08-19 11:52:16 | INFO     |   -> success=True | fund=Parag Parikh IFSC Nasdaq 100 Fund of Fund
2026-08-19 11:52:17 | INFO     | Scraping individual AMC source: scrape_edelweiss_greater_china_fund
2026-08-19 11:52:19 | INFO     |   -> success=True | fund=Edelweiss Greater China Equity Fund
2026-08-19 11:52:20 | INFO     | Scraping individual AMC source: scrape_sundaram_india_midcap_fund
2026-08-19 11:52:22 | INFO     |   -> success=True | fund=Sundaram India Mid Cap - GIFT
2026-08-19 11:52:23 | INFO     | Scraping individual AMC source: scrape_mirae_global_allocation_fund
2026-08-19 11:52:27 | INFO     |   -> success=True | fund=Mirae Asset Global Allocation Fund
2026-08-19 11:52:28 | INFO     | Scraping individual AMC source: scrape_bandhan_india_smallcap_fund
2026-08-19 11:52:30 | INFO     |   -> success=True | fund=Bandhan India Small Cap Fund (IFSC)
2026-08-19 11:52:31 | INFO     | Scraping individual AMC source: scrape_bandhan_india_large_midcap_fund
2026-08-19 11:52:33 | INFO     |   -> success=True | fund=Bandhan India Large and Mid-Cap Fund (IFSC)
2026-08-19 11:52:34 | INFO     | Scraping individual AMC source: scrape_marcellus_global_equities_fund
2026-08-19 11:52:45 | INFO     |   -> success=True | fund=Marcellus Global Equities Fund
2026-08-19 11:52:46 | INFO     | Scraping individual AMC source: scrape_baroda_bnp_us_smallcap_fund
2026-08-19 11:52:47 | INFO     |   -> success=True | fund=Baroda BNP Paribas GIFT US Small Cap Fund
2026-08-19 11:52:48 | INFO     | Scraping individual AMC source: scrape_nippon_india_largecap_fund
2026-08-19 11:52:49 | INFO     |   -> success=True | fund=Nippon India Large Cap Fund GIFT
2026-08-19 11:52:50 | INFO     | Scraping individual AMC source: scrape_altus_quant_algorithmic_fund
2026-08-19 11:52:55 | INFO     |   -> success=True | fund=Quant Algorithmic Strategies Fund
2026-08-19 11:52:56 | INFO     | Scraping individual AMC source: scrape_nuvama_india_edge_fund
2026-08-19 11:52:57 | INFO     |   -> success=True | fund=Nuvama India EDGE Fund
2026-08-19 11:52:58 | INFO     | Scraping individual AMC source: scrape_unifi_rangoli_india_fund
2026-08-19 11:52:59 | INFO     |   -> success=True | fund=Rangoli India Fund
2026-08-19 11:53:00 | INFO     | Scraping individual AMC source: scrape_phillip_pioneer_portfolio
2026-08-19 11:53:03 | INFO     |   -> success=True | fund=Phillip International Pioneer Portfolio
2026-08-19 11:53:04 | INFO     | Scraping individual AMC source: scrape_ppfas_global_investing_pms
2026-08-19 11:53:14 | INFO     |   -> success=True | fund=Parag Parikh Global Investing Strategy
2026-08-19 11:53:15 | INFO     | Scraping individual AMC source: scrape_nj_india_opportunities_fund
2026-08-19 11:53:17 | INFO     |   [NJ debug] Excel shape: (12, 3)
2026-08-19 11:53:17 | INFO     |   -> success=True | fund=NJ India Opportunities Fund
2026-08-19 12:01:27 | INFO     | Scraping individual AMC source: scrape_tata_dynamic_equity_fund
2026-08-19 12:01:28 | INFO     |   -> success=True | fund=Tata India Dynamic Equity Fund
2026-08-19 12:01:29 | INFO     | Scraping individual AMC source: scrape_dsp_global_equity_fund
2026-08-19 12:01:32 | INFO     |   -> success=True | fund=DSP Global Equity Fund
2026-08-19 12:01:33 | INFO     | Scraping individual AMC source: scrape_ppfas_sp500_fund
2026-08-19 12:01:36 | INFO     |   -> success=True | fund=Parag Parikh IFSC S&P 500 Fund of Fund
2026-08-19 12:01:37 | INFO     | Scraping individual AMC source: scrape_ppfas_nasdaq_fund
2026-08-19 12:01:43 | INFO     |   -> success=True | fund=Parag Parikh IFSC Nasdaq 100 Fund of Fund
2026-08-19 12:01:44 | INFO     | Scraping individual AMC source: scrape_edelweiss_greater_china_fund
2026-08-19 12:01:45 | INFO     |   -> success=True | fund=Edelweiss Greater China Equity Fund
2026-08-19 12:01:46 | INFO     | Scraping individual AMC source: scrape_sundaram_india_midcap_fund
2026-08-19 12:01:47 | INFO     |   -> success=True | fund=Sundaram India Mid Cap - GIFT
2026-08-19 12:01:48 | INFO     | Scraping individual AMC source: scrape_mirae_global_allocation_fund
2026-08-19 12:01:49 | INFO     |   -> success=True | fund=Mirae Asset Global Allocation Fund
2026-08-19 12:01:50 | INFO     | Scraping individual AMC source: scrape_bandhan_india_smallcap_fund
2026-08-19 12:01:52 | INFO     |   -> success=True | fund=Bandhan India Small Cap Fund (IFSC)
2026-08-19 12:01:53 | INFO     | Scraping individual AMC source: scrape_bandhan_india_large_midcap_fund
2026-08-19 12:01:55 | INFO     |   -> success=True | fund=Bandhan India Large and Mid-Cap Fund (IFSC)
2026-08-19 12:01:56 | INFO     | Scraping individual AMC source: scrape_marcellus_global_equities_fund
2026-08-19 12:01:57 | INFO     |   -> success=True | fund=Marcellus Global Equities Fund
2026-08-19 12:01:58 | INFO     | Scraping individual AMC source: scrape_marcellus_gcp_pms
2026-08-19 12:01:58 | INFO     |   -> success=True | fund=Marcellus GCP
2026-08-19 12:01:59 | INFO     | Scraping individual AMC source: scrape_edelweiss_india_multimanager_fund
2026-08-19 12:01:59 | INFO     |   -> success=True | fund=Edelweiss India Multimanager Equity Fund
2026-08-19 12:02:00 | INFO     | Scraping individual AMC source: scrape_baroda_bnp_us_smallcap_fund
2026-08-19 12:02:01 | INFO     |   -> success=True | fund=Baroda BNP Paribas GIFT US Small Cap Fund
2026-08-19 12:02:02 | INFO     | Scraping individual AMC source: scrape_nippon_india_largecap_fund
2026-08-19 12:02:04 | INFO     |   -> success=True | fund=Nippon India Large Cap Fund GIFT
2026-08-19 12:02:05 | INFO     | Scraping individual AMC source: scrape_altus_quant_algorithmic_fund
2026-08-19 12:02:08 | INFO     |   -> success=True | fund=Quant Algorithmic Strategies Fund
2026-08-19 12:02:09 | INFO     | Scraping individual AMC source: scrape_nuvama_india_edge_fund
2026-08-19 12:02:11 | INFO     |   -> success=True | fund=Nuvama India EDGE Fund
2026-08-19 12:02:12 | INFO     | Scraping individual AMC source: scrape_unifi_rangoli_india_fund
2026-08-19 12:02:12 | INFO     |   -> success=True | fund=Rangoli India Fund
2026-08-19 12:02:13 | INFO     | Scraping individual AMC source: scrape_phillip_pioneer_portfolio
2026-08-19 12:02:15 | INFO     |   -> success=True | fund=Phillip International Pioneer Portfolio
2026-08-19 12:02:16 | INFO     | Scraping individual AMC source: scrape_ppfas_global_investing_pms
2026-08-19 12:02:24 | INFO     |   -> success=True | fund=Parag Parikh Global Investing Strategy
2026-08-19 12:02:25 | INFO     | Scraping individual AMC source: scrape_nj_india_opportunities_fund
2026-08-19 12:02:27 | INFO     |   [NJ debug] Excel shape: (12, 3)
2026-08-19 12:02:27 | INFO     |   -> success=True | fund=NJ India Opportunities Fund
2026-08-19 13:07:30 | INFO     | Scraping individual AMC source: scrape_tata_dynamic_equity_fund
2026-08-19 13:07:32 | INFO     |   -> success=True | fund=Tata India Dynamic Equity Fund
2026-08-19 13:07:33 | INFO     | Scraping individual AMC source: scrape_dsp_global_equity_fund
2026-08-19 13:07:36 | INFO     |   -> success=True | fund=DSP Global Equity Fund
2026-08-19 13:07:37 | INFO     | Scraping individual AMC source: scrape_ppfas_sp500_fund
2026-08-19 13:07:41 | INFO     |   -> success=True | fund=Parag Parikh IFSC S&P 500 Fund of Fund
2026-08-19 13:07:42 | INFO     | Scraping individual AMC source: scrape_ppfas_nasdaq_fund
2026-08-19 13:07:48 | INFO     |   -> success=True | fund=Parag Parikh IFSC Nasdaq 100 Fund of Fund
2026-08-19 13:07:49 | INFO     | Scraping individual AMC source: scrape_edelweiss_greater_china_fund
2026-08-19 13:07:50 | INFO     |   -> success=True | fund=Edelweiss Greater China Equity Fund
2026-08-19 13:07:51 | INFO     | Scraping individual AMC source: scrape_sundaram_india_midcap_fund
2026-08-19 13:07:53 | INFO     |   -> success=True | fund=Sundaram India Mid Cap - GIFT
2026-08-19 13:07:54 | INFO     | Scraping individual AMC source: scrape_mirae_global_allocation_fund
2026-08-19 13:07:55 | INFO     |   -> success=True | fund=Mirae Asset Global Allocation Fund
2026-08-19 13:07:56 | INFO     | Scraping individual AMC source: scrape_bandhan_india_smallcap_fund
2026-08-19 13:07:58 | INFO     |   -> success=True | fund=Bandhan India Small Cap Fund (IFSC)
2026-08-19 13:07:59 | INFO     | Scraping individual AMC source: scrape_bandhan_india_large_midcap_fund
2026-08-19 13:08:01 | INFO     |   -> success=True | fund=Bandhan India Large and Mid-Cap Fund (IFSC)
2026-08-19 13:08:02 | INFO     | Scraping individual AMC source: scrape_marcellus_global_equities_fund
2026-08-19 13:08:03 | INFO     |   -> success=True | fund=Marcellus Global Equities Fund
2026-08-19 13:08:04 | INFO     | Scraping individual AMC source: scrape_marcellus_gcp_pms
2026-08-19 13:08:04 | INFO     |   -> success=True | fund=Marcellus GCP
2026-08-19 13:08:05 | INFO     | Scraping individual AMC source: scrape_edelweiss_india_multimanager_fund
2026-08-19 13:08:05 | INFO     |   -> success=True | fund=Edelweiss India Multimanager Equity Fund
2026-08-19 13:08:06 | INFO     | Scraping individual AMC source: scrape_baroda_bnp_gift_multicap_fund
2026-08-19 13:08:06 | INFO     |   -> success=True | fund=Baroda BNP Paribas Gift Multicap Fund
2026-08-19 13:08:07 | INFO     | Scraping individual AMC source: scrape_edelweiss_india_opportunities_fund
2026-08-19 13:08:07 | INFO     |   -> success=True | fund=Edelweiss India Opportunities Fund
2026-08-19 13:08:08 | INFO     | Scraping individual AMC source: scrape_baroda_bnp_us_smallcap_fund
2026-08-19 13:08:10 | INFO     |   -> success=True | fund=Baroda BNP Paribas GIFT US Small Cap Fund
2026-08-19 13:08:11 | INFO     | Scraping individual AMC source: scrape_nippon_india_largecap_fund
2026-08-19 13:08:12 | INFO     |   -> success=True | fund=Nippon India Large Cap Fund GIFT
2026-08-19 13:08:13 | INFO     | Scraping individual AMC source: scrape_altus_quant_algorithmic_fund
2026-08-19 13:08:18 | INFO     |   -> success=True | fund=Quant Algorithmic Strategies Fund
2026-08-19 13:08:19 | INFO     | Scraping individual AMC source: scrape_nuvama_india_edge_fund
2026-08-19 13:08:21 | INFO     |   -> success=True | fund=Nuvama India EDGE Fund
2026-08-19 13:08:22 | INFO     | Scraping individual AMC source: scrape_unifi_rangoli_india_fund
2026-08-19 13:08:22 | INFO     |   -> success=True | fund=Rangoli India Fund
2026-08-19 13:08:23 | INFO     | Scraping individual AMC source: scrape_phillip_pioneer_portfolio
2026-08-19 13:08:25 | INFO     |   -> success=True | fund=Phillip International Pioneer Portfolio
2026-08-19 13:08:26 | INFO     | Scraping individual AMC source: scrape_ppfas_global_investing_pms
2026-08-19 13:08:31 | INFO     |   -> success=True | fund=Parag Parikh Global Investing Strategy
2026-08-19 13:08:32 | INFO     | Scraping individual AMC source: scrape_ppfas_india_flexicap_fund
2026-08-19 13:08:32 | INFO     |   -> success=True | fund=Parag Parikh India Flexi Cap Fund
2026-08-19 13:08:33 | INFO     | Scraping individual AMC source: scrape_nj_india_opportunities_fund
2026-08-19 13:08:35 | INFO     |   [NJ debug] Excel shape: (12, 3)
2026-08-19 13:08:35 | INFO     |   -> success=True | fund=NJ India Opportunities Fund
2026-08-19 13:14:46 | INFO     | Scraping individual AMC source: scrape_tata_dynamic_equity_fund
2026-08-19 13:14:47 | INFO     |   -> success=True | fund=Tata India Dynamic Equity Fund
2026-08-19 13:14:48 | INFO     | Scraping individual AMC source: scrape_dsp_global_equity_fund
2026-08-19 13:14:53 | INFO     |   -> success=True | fund=DSP Global Equity Fund
2026-08-19 13:14:54 | INFO     | Scraping individual AMC source: scrape_ppfas_sp500_fund
2026-08-19 13:14:58 | INFO     |   -> success=True | fund=Parag Parikh IFSC S&P 500 Fund of Fund
2026-08-19 13:14:59 | INFO     | Scraping individual AMC source: scrape_ppfas_nasdaq_fund
2026-08-19 13:15:08 | INFO     |   -> success=True | fund=Parag Parikh IFSC Nasdaq 100 Fund of Fund
2026-08-19 13:15:09 | INFO     | Scraping individual AMC source: scrape_edelweiss_greater_china_fund
2026-08-19 13:15:09 | INFO     |   -> success=True | fund=Edelweiss Greater China Equity Fund
2026-08-19 13:15:10 | INFO     | Scraping individual AMC source: scrape_sundaram_india_midcap_fund
2026-08-19 13:15:12 | INFO     |   -> success=True | fund=Sundaram India Mid Cap - GIFT
2026-08-19 13:15:13 | INFO     | Scraping individual AMC source: scrape_mirae_global_allocation_fund
2026-08-19 13:15:14 | INFO     |   -> success=True | fund=Mirae Asset Global Allocation Fund
2026-08-19 13:15:15 | INFO     | Scraping individual AMC source: scrape_bandhan_india_smallcap_fund
2026-08-19 13:15:16 | INFO     |   -> success=True | fund=Bandhan India Small Cap Fund (IFSC)
2026-08-19 13:15:17 | INFO     | Scraping individual AMC source: scrape_bandhan_india_large_midcap_fund
2026-08-19 13:15:18 | INFO     |   -> success=True | fund=Bandhan India Large and Mid-Cap Fund (IFSC)
2026-08-19 13:15:19 | INFO     | Scraping individual AMC source: scrape_marcellus_global_equities_fund
2026-08-19 13:15:20 | INFO     |   -> success=True | fund=Marcellus Global Equities Fund
2026-08-19 13:15:21 | INFO     | Scraping individual AMC source: scrape_marcellus_gcp_pms
2026-08-19 13:15:21 | INFO     |   -> success=True | fund=Marcellus GCP
2026-08-19 13:15:22 | INFO     | Scraping individual AMC source: scrape_edelweiss_india_multimanager_fund
2026-08-19 13:15:22 | INFO     |   -> success=True | fund=Edelweiss India Multimanager Equity Fund
2026-08-19 13:15:23 | INFO     | Scraping individual AMC source: scrape_baroda_bnp_gift_multicap_fund
2026-08-19 13:15:23 | INFO     |   -> success=True | fund=Baroda BNP Paribas Gift Multicap Fund
2026-08-19 13:15:24 | INFO     | Scraping individual AMC source: scrape_edelweiss_india_opportunities_fund
2026-08-19 13:15:24 | INFO     |   -> success=True | fund=Edelweiss India Opportunities Fund
2026-08-19 13:15:25 | INFO     | Scraping individual AMC source: scrape_motilal_oswal_giftcity_fof
2026-08-19 13:15:25 | INFO     |   -> success=True | fund=Motilal Oswal GIFT City India Equity Fund of Funds Trust
2026-08-19 13:15:26 | INFO     | Scraping individual AMC source: scrape_baroda_bnp_us_smallcap_fund
2026-08-19 13:15:28 | INFO     |   -> success=True | fund=Baroda BNP Paribas GIFT US Small Cap Fund
2026-08-19 13:15:29 | INFO     | Scraping individual AMC source: scrape_nippon_india_largecap_fund
2026-08-19 13:15:29 | INFO     |   -> success=True | fund=Nippon India Large Cap Fund GIFT
2026-08-19 13:15:30 | INFO     | Scraping individual AMC source: scrape_altus_quant_algorithmic_fund
2026-08-19 13:15:34 | INFO     |   -> success=True | fund=Quant Algorithmic Strategies Fund
2026-08-19 13:15:35 | INFO     | Scraping individual AMC source: scrape_nuvama_india_edge_fund
2026-08-19 13:15:36 | INFO     |   -> success=True | fund=Nuvama India EDGE Fund
2026-08-19 13:15:37 | INFO     | Scraping individual AMC source: scrape_unifi_rangoli_india_fund
2026-08-19 13:15:38 | INFO     |   -> success=True | fund=Rangoli India Fund
2026-08-19 13:15:39 | INFO     | Scraping individual AMC source: scrape_phillip_pioneer_portfolio
2026-08-19 13:15:41 | INFO     |   -> success=True | fund=Phillip International Pioneer Portfolio
2026-08-19 13:15:42 | INFO     | Scraping individual AMC source: scrape_ppfas_global_investing_pms
2026-08-19 13:15:52 | INFO     |   -> success=True | fund=Parag Parikh Global Investing Strategy
2026-08-19 13:15:53 | INFO     | Scraping individual AMC source: scrape_ppfas_india_flexicap_fund
2026-08-19 13:15:53 | INFO     |   -> success=True | fund=Parag Parikh India Flexi Cap Fund
2026-08-19 13:15:54 | INFO     | Scraping individual AMC source: scrape_nj_india_opportunities_fund
2026-08-19 13:15:56 | INFO     |   [NJ debug] Excel shape: (12, 3)
2026-08-19 13:15:56 | INFO     |   -> success=True | fund=NJ India Opportunities Fund
